/*
Navicat MySQL Data Transfer

Source Server         : MYSQL
Source Server Version : 50712
Source Host           : localhost:3306
Source Database       : numysql

Target Server Type    : MYSQL
Target Server Version : 50712
File Encoding         : 65001

Date: 2016-06-20 17:23:41
*/

SET FOREIGN_KEY_CHECKS=0;

-- ----------------------------
-- Table structure for act_evt_log
-- ----------------------------
DROP TABLE IF EXISTS `act_evt_log`;
CREATE TABLE `act_evt_log` (
  `LOG_NR_` bigint(20) NOT NULL AUTO_INCREMENT,
  `TYPE_` varchar(64) COLLATE utf8_bin DEFAULT NULL,
  `PROC_DEF_ID_` varchar(64) COLLATE utf8_bin DEFAULT NULL,
  `PROC_INST_ID_` varchar(64) COLLATE utf8_bin DEFAULT NULL,
  `EXECUTION_ID_` varchar(64) COLLATE utf8_bin DEFAULT NULL,
  `TASK_ID_` varchar(64) COLLATE utf8_bin DEFAULT NULL,
  `TIME_STAMP_` timestamp(3) NOT NULL DEFAULT CURRENT_TIMESTAMP(3) ON UPDATE CURRENT_TIMESTAMP(3),
  `USER_ID_` varchar(255) COLLATE utf8_bin DEFAULT NULL,
  `DATA_` longblob,
  `LOCK_OWNER_` varchar(255) COLLATE utf8_bin DEFAULT NULL,
  `LOCK_TIME_` timestamp(3) NULL DEFAULT NULL,
  `IS_PROCESSED_` tinyint(4) DEFAULT '0',
  PRIMARY KEY (`LOG_NR_`)
) ENGINE=InnoDB DEFAULT CHARSET=utf8 COLLATE=utf8_bin;

-- ----------------------------
-- Records of act_evt_log
-- ----------------------------

-- ----------------------------
-- Table structure for act_fm_test
-- ----------------------------
DROP TABLE IF EXISTS `act_fm_test`;
CREATE TABLE `act_fm_test` (
  `ID` int(11) NOT NULL AUTO_INCREMENT,
  `Name` varchar(255) DEFAULT NULL,
  `Age` int(11) DEFAULT NULL,
  `Sex` varchar(255) DEFAULT NULL,
  PRIMARY KEY (`ID`)
) ENGINE=InnoDB AUTO_INCREMENT=3 DEFAULT CHARSET=utf8;

-- ----------------------------
-- Records of act_fm_test
-- ----------------------------
INSERT INTO `act_fm_test` VALUES ('1', '钱云飞', '11', '男');
INSERT INTO `act_fm_test` VALUES ('2', '七月份', '22', '男');

-- ----------------------------
-- Table structure for act_formmodel
-- ----------------------------
DROP TABLE IF EXISTS `act_formmodel`;
CREATE TABLE `act_formmodel` (
  `ID` int(11) NOT NULL AUTO_INCREMENT,
  `Path` text NOT NULL,
  `ParentID` int(11) NOT NULL,
  `actionKey` varchar(255) NOT NULL,
  `Name` varchar(255) NOT NULL,
  `Type` varchar(255) NOT NULL,
  PRIMARY KEY (`ID`)
) ENGINE=InnoDB AUTO_INCREMENT=51 DEFAULT CHARSET=utf8;

-- ----------------------------
-- Records of act_formmodel
-- ----------------------------
INSERT INTO `act_formmodel` VALUES ('32', '<div class=\"row-fluid\" style=\"z-index: 60;\"><div class=\"span12 well droppedFields ui-droppable ui-sortable\" style=\"z-index: 61;\"><div class=\"droppedField\" style=\"z-index: 62;\" id=\"CTRL-DIV-1001\"><label class=\"control-label\">下拉框</label> <select class=\"ctrl-combobox\"><option value=\"option1\">选项 1</option><option value=\"option2\">选项 2</option><option value=\"option3\">选项 3</option></select> <input type=\"hidden\" class=\"hiddenObligatoire\"></div></div></div><div class=\"row-fluid\" style=\"z-index: 63;\"><div class=\"span12 well droppedFields ui-droppable ui-sortable\" style=\"z-index: 64;\"><div class=\"droppedField\" style=\"z-index: 79;\" id=\"CTRL-DIV-1002\"><label class=\"control-label\">文本</label> <input type=\"text\" placeholder=\"请输入内容。。。\" class=\"ctrl-textbox\"> <input type=\"hidden\" class=\"hiddenObligatoire\"></div></div></div>', '0', 'usertask1sid-0B2A276C-A27A-1D87-8CD5-997F52D66705', 'bb', '未完成');
INSERT INTO `act_formmodel` VALUES ('33', '<div class=\"row-fluid\" style=\"z-index: 1;\"><div class=\"span12 well droppedFields ui-droppable ui-sortable\" style=\"z-index: 81;\"><div class=\"droppedField\" style=\"z-index: 82;\" id=\"CTRL-DIV-1003\"><label class=\"control-label\" style=\"vertical-align:top\">复选框</label><div style=\"display: inline-block; z-index: 83;\" class=\"ctrl-checkboxgroup\"><span style=\"display:block;\"><input type=\"checkbox\" name=\"checkboxField\" value=\"option1\">选项 1</span> <span style=\"display:block;\"><input type=\"checkbox\" name=\"checkboxField\" value=\"option2\">选项 2</span> <span style=\"display:block;\"><input type=\"checkbox\" name=\"checkboxField\" value=\"option3\">选项 3</span></div><input type=\"hidden\" class=\"hiddenObligatoire\"></div></div></div><div class=\"row-fluid\" style=\"z-index: 84;\"><div class=\"span12 well droppedFields ui-droppable ui-sortable\" style=\"z-index: 85;\"><div class=\"droppedField\" style=\"z-index: 107;\" id=\"CTRL-DIV-1004\"><label class=\"control-label\" style=\"vertical-align:top\">复选框</label><div style=\"display: inline-block; z-index: 99;\" class=\"ctrl-checkboxgroup\"><span style=\"display:block;\"><input type=\"checkbox\" name=\"checkboxField\" value=\"option1\">选项 1</span> <span style=\"display:block;\"><input type=\"checkbox\" name=\"checkboxField\" value=\"option2\">选项 2</span> <span style=\"display:block;\"><input type=\"checkbox\" name=\"checkboxField\" value=\"option3\">选项 3</span></div><input type=\"hidden\" class=\"hiddenObligatoire\"></div></div></div>', '0', 'usertask2sid-0B2A276C-A27A-1D87-8CD5-997F52D66705', 'bb', '未完成');
INSERT INTO `act_formmodel` VALUES ('34', '<div class=\"row-fluid\" style=\"z-index: 74;\"><div class=\"span12 well droppedFields ui-droppable ui-sortable\" style=\"z-index: 1;\"><div class=\"droppedField\" style=\"z-index: 90;\" id=\"CTRL-DIV-1002\"><label class=\"control-label\">文本</label> <input type=\"text\" placeholder=\"请输入内容。。。\" class=\"ctrl-textbox\" name=\"Name\" id=\"Name\"> <input type=\"hidden\" class=\"hiddenObligatoire\" value=\"false\"></div></div></div>', '0', 'usertask2sid-5F38A88D-5F14-14E5-1ED0-E9B6667F8C69', 'bb', '未完成');
INSERT INTO `act_formmodel` VALUES ('35', '<div class=\"row-fluid\" style=\"z-index: 74;\"><div class=\"span12 well droppedFields ui-droppable ui-sortable\" style=\"z-index: 1;\"><div class=\"droppedField\" style=\"z-index: 90;\" id=\"CTRL-DIV-1003\"><label class=\"control-label\">文本</label> <input type=\"text\" placeholder=\"请输入内容。。。\" class=\"ctrl-textbox\" name=\"Name\" id=\"Name\"> <input type=\"hidden\" class=\"hiddenObligatoire\" value=\"false\"></div></div></div>', '0', 'usertask1sid-5F38A88D-5F14-14E5-1ED0-E9B6667F8C69', 'bb', '未完成');
INSERT INTO `act_formmodel` VALUES ('36', '<div class=\"row-fluid\" style=\"z-index: 60;\"><div class=\"span12 well droppedFields ui-droppable ui-sortable\" style=\"z-index: 61;\"><div class=\"droppedField\" style=\"z-index: 76;\" id=\"CTRL-DIV-1001\"><label class=\"control-label\">文本</label> <input type=\"text\" placeholder=\"请输入内容。。。\" class=\"ctrl-textbox\" name=\"NAME\" id=\"NAME\"> <input type=\"hidden\" class=\"hiddenObligatoire\" value=\"false\"></div></div></div>', '0', 'usertask1sid-B63CA6E1-2648-7605-82EF-EB181AFCC7A9', 'bb', '未完成');
INSERT INTO `act_formmodel` VALUES ('37', '<div class=\"row-fluid\" style=\"z-index: 74;\"><div class=\"span12 well droppedFields ui-droppable ui-sortable\" style=\"z-index: 1;\"><div class=\"droppedField\" style=\"z-index: 90;\" id=\"CTRL-DIV-1002\"><label class=\"control-label\">文本</label> <input type=\"text\" placeholder=\"请输入内容。。。\" class=\"ctrl-textbox\" name=\"NAME\" id=\"NAME\"> <input type=\"hidden\" class=\"hiddenObligatoire\" value=\"false\"></div></div></div>', '0', 'usertask1sid-3CC51920-8CFC-E5E8-355A-4D08B9E9BF99', 'bb', '未完成');
INSERT INTO `act_formmodel` VALUES ('38', '<div class=\"row-fluid\" style=\"z-index: 74;\"><div class=\"span12 well droppedFields ui-droppable ui-sortable\" style=\"z-index: 75;\"><div class=\"droppedField\" style=\"z-index: 1;\" id=\"CTRL-DIV-1003\"><label class=\"control-label\">下拉框</label> <select class=\"ctrl-combobox\"><option value=\"option1\">选项 1</option><option value=\"option2\">选项 2</option><option value=\"option3\">选项 3</option></select> <input type=\"hidden\" class=\"hiddenObligatoire\"></div><div class=\"droppedField\" style=\"z-index: 91;\" id=\"CTRL-DIV-1004\"><label class=\"control-label\">文本</label> <input type=\"text\" placeholder=\"请输入内容。。。\" class=\"ctrl-textbox\" name=\"NAME\" id=\"NAME\"> <input type=\"hidden\" class=\"hiddenObligatoire\" value=\"false\"></div></div></div>', '0', 'usertask2sid-3CC51920-8CFC-E5E8-355A-4D08B9E9BF99', 'bb', '未完成');
INSERT INTO `act_formmodel` VALUES ('39', '<div class=\"row-fluid\" style=\"z-index: 60;\"><div class=\"span6 well droppedFields ui-droppable ui-sortable\" style=\"z-index: 61;\"><div class=\"droppedField\" style=\"z-index: 62;\" id=\"CTRL-DIV-1001\"><label class=\"control-label\">文本</label> <input type=\"text\" placeholder=\"请输入内容。。。\" class=\"ctrl-textbox\" name=\"name\" id=\"name\"> <input type=\"hidden\" class=\"hiddenObligatoire\" value=\"false\"></div></div><div class=\"span6 well droppedFields ui-droppable ui-sortable\" style=\"z-index: 63;\"><div class=\"droppedField\" style=\"z-index: 81;\" id=\"CTRL-DIV-1002\"><label class=\"control-label\">密码</label> <input type=\"password\" placeholder=\"密码 ...\" class=\"ctrl-passwordbox\"> <input type=\"hidden\" class=\"hiddenObligatoire\"></div></div></div>', '0', 'usertask1sid-0C2D35A2-44A4-B415-55F7-0E016480C7AA', 'bb', '未完成');
INSERT INTO `act_formmodel` VALUES ('40', '<div class=\"row-fluid\" style=\"z-index: 74;\"><div class=\"span6 well droppedFields ui-droppable ui-sortable\" style=\"z-index: 75;\"><div class=\"droppedField\" style=\"z-index: 1;\" id=\"CTRL-DIV-1003\"><label class=\"control-label\">文本</label> <input type=\"text\" placeholder=\"请输入内容。。。\" class=\"ctrl-textbox\" name=\"name\" id=\"name\"> <input type=\"hidden\" class=\"hiddenObligatoire\" value=\"false\"></div></div><div class=\"span6 well droppedFields ui-droppable ui-sortable\" style=\"z-index: 77;\"><div class=\"droppedField\" style=\"z-index: 95;\" id=\"CTRL-DIV-1004\"><label class=\"control-label\">密码</label> <input type=\"password\" placeholder=\"密码 ...\" class=\"ctrl-passwordbox\"> <input type=\"hidden\" class=\"hiddenObligatoire\"></div></div></div>', '0', 'usertask2sid-0C2D35A2-44A4-B415-55F7-0E016480C7AA', 'bb', '未完成');
INSERT INTO `act_formmodel` VALUES ('41', '<div class=\"row-fluid\" style=\"z-index: 60;\"><div class=\"span6 well droppedFields ui-droppable ui-sortable\" style=\"z-index: 61;\"><div class=\"droppedField\" style=\"z-index: 62;\" id=\"CTRL-DIV-1001\"><label class=\"control-label\">文本</label> <input type=\"text\" placeholder=\"请输入内容。。。\" class=\"ctrl-textbox\"> <input type=\"hidden\" class=\"hiddenObligatoire\"></div></div><div class=\"span6 well droppedFields ui-droppable ui-sortable\" style=\"z-index: 63;\"><div class=\"droppedField\" style=\"z-index: 78;\" id=\"CTRL-DIV-1002\"><label class=\"control-label\">文本</label> <input type=\"text\" placeholder=\"请输入内容。。。\" class=\"ctrl-textbox\"> <input type=\"hidden\" class=\"hiddenObligatoire\"></div></div></div>', '0', 'usertask1sid-03C42C96-BD24-5CA5-F904-0C202A15AB0C', 'bb', '未完成');
INSERT INTO `act_formmodel` VALUES ('42', '<div class=\"row-fluid\" style=\"z-index: 60;\"><div class=\"span6 well droppedFields ui-droppable ui-sortable\" style=\"z-index: 61;\"><div class=\"droppedField\" style=\"z-index: 62;\" id=\"CTRL-DIV-1001\"><label class=\"control-label\">测试</label> <input type=\"text\" placeholder=\"请输入内容。。。\" class=\"ctrl-textbox\" name=\"name\" id=\"name\"> <input type=\"hidden\" class=\"hiddenObligatoire\" value=\"false\"></div></div><div class=\"span6 well droppedFields ui-droppable ui-sortable\" style=\"z-index: 63;\"><div class=\"droppedField\" style=\"z-index: 78;\" id=\"CTRL-DIV-1002\"><label class=\"control-label\">文本</label> <input type=\"text\" placeholder=\"请输入内容。。。\" class=\"ctrl-textbox\"> <input type=\"hidden\" class=\"hiddenObligatoire\"></div></div></div>', '0', 'usertask1sid-1DB6D7F1-95FE-8B9F-2C11-F24B55DC9520', 'bb', '未完成');
INSERT INTO `act_formmodel` VALUES ('43', '<div class=\"row-fluid\" style=\"z-index: 74;\"><div class=\"span6 well droppedFields ui-droppable ui-sortable\" style=\"z-index: 75;\"><div class=\"droppedField\" style=\"z-index: 92;\" id=\"CTRL-DIV-1004\"><label class=\"control-label\">文本</label> <input type=\"text\" placeholder=\"请输入内容。。。\" class=\"ctrl-textbox\" name=\"name\" id=\"name\"> <input type=\"hidden\" class=\"hiddenObligatoire\" value=\"false\"></div></div><div class=\"span6 well droppedFields ui-droppable ui-sortable\" style=\"z-index: 1;\"><div class=\"droppedField\" style=\"z-index: 77;\" id=\"CTRL-DIV-1003\"><label class=\"control-label\">文本</label> <input type=\"text\" placeholder=\"请输入内容。。。\" class=\"ctrl-textbox\"> <input type=\"hidden\" class=\"hiddenObligatoire\"></div></div></div>', '0', 'usertask2sid-1DB6D7F1-95FE-8B9F-2C11-F24B55DC9520', 'bb', '未完成');
INSERT INTO `act_formmodel` VALUES ('44', '<div class=\"row-fluid\" style=\"z-index: 60;\"><div class=\"span6 well droppedFields ui-droppable ui-sortable\" style=\"z-index: 61;\"><div class=\"droppedField\" style=\"z-index: 77;\" id=\"CTRL-DIV-1001\"><label class=\"control-label\">文本</label> <input type=\"text\" placeholder=\"请输入内容。。。\" class=\"ctrl-textbox\" name=\"name\" id=\"name\"> <input type=\"hidden\" class=\"hiddenObligatoire\" value=\"false\"></div></div><div class=\"span6 well droppedFields ui-droppable ui-sortable\" style=\"z-index: 0;\"></div></div>', '0', 'usertask1sid-45296799-D231-872E-9570-B8FF2F3FD4ED', 'bb', '未完成');
INSERT INTO `act_formmodel` VALUES ('45', '<div class=\"row-fluid\" style=\"z-index: 104;\"><div class=\"span12 well droppedFields ui-droppable ui-sortable\" style=\"z-index: 105;\"><div class=\"droppedField\" style=\"z-index: 120;\" id=\"CTRL-DIV-1001\"><label class=\"control-label\">文本</label> <input type=\"text\" placeholder=\"请输入内容。。。\" class=\"ctrl-textbox\"> <input type=\"hidden\" class=\"hiddenObligatoire\"></div></div></div>', '0', 'usertask1sid-8C5DEB5B-C69B-4F30-3A0F-5EFCF67B92AD', 'bb', '未完成');
INSERT INTO `act_formmodel` VALUES ('46', '<div class=\"row-fluid\" style=\"z-index: 102;\"><div class=\"span6 well droppedFields ui-droppable ui-sortable\" style=\"z-index: 103;\"><div class=\"droppedField\" style=\"z-index: 104;\" id=\"CTRL-DIV-1002\"><label class=\"control-label\">文本</label> <input type=\"text\" placeholder=\"请输入内容。。。\" class=\"ctrl-textbox\"> <input type=\"hidden\" class=\"hiddenObligatoire\"></div></div><div class=\"span6 well droppedFields ui-droppable ui-sortable\" style=\"z-index: 105;\"><div class=\"droppedField\" style=\"z-index: 120;\" id=\"CTRL-DIV-1003\"><label class=\"control-label\">文本</label> <input type=\"text\" placeholder=\"请输入内容。。。\" class=\"ctrl-textbox\"> <input type=\"hidden\" class=\"hiddenObligatoire\"></div></div></div>', '0', 'usertask2sid-8C5DEB5B-C69B-4F30-3A0F-5EFCF67B92AD', 'bb', '未完成');
INSERT INTO `act_formmodel` VALUES ('47', '<div class=\"row-fluid\" style=\"z-index: 103;\"><div class=\"span12 well droppedFields ui-droppable ui-sortable\" style=\"z-index: 104;\"><div class=\"droppedField\" style=\"z-index: 105;\" id=\"CTRL-DIV-1001\"><label class=\"control-label\">文本</label> <input type=\"text\" placeholder=\"请输入内容。。。\" class=\"ctrl-textbox\" name=\"申请人\" id=\"申请人\"> <input type=\"hidden\" class=\"hiddenObligatoire\" value=\"false\"></div></div></div><div class=\"row-fluid\" style=\"z-index: 106;\"><div class=\"span12 well droppedFields ui-droppable ui-sortable\" style=\"z-index: 107;\"><div class=\"droppedField\" style=\"z-index: 92;\" id=\"CTRL-DIV-1002\"><label class=\"control-label\">日期</label> <input type=\"date\" \"=\"\" class=\"ctrl-textbox\"> <input type=\"hidden\" class=\"hiddenObligatoire\"></div></div></div>', '0', 'usertask1sid-634A6AFE-30C3-E82F-4BFF-3D5E2CA90FC5', 'bb', '未完成');
INSERT INTO `act_formmodel` VALUES ('48', '<div class=\"row-fluid\" style=\"z-index: 103;\"><div class=\"span6 well droppedFields ui-droppable ui-sortable\" style=\"z-index: 104;\"><div class=\"droppedField\" style=\"z-index: 105;\" id=\"CTRL-DIV-1005\"><label class=\"control-label\">文本</label> <input type=\"text\" placeholder=\"请输入内容。。。\" class=\"ctrl-textbox\"> <input type=\"hidden\" class=\"hiddenObligatoire\"></div></div><div class=\"span6 well droppedFields ui-droppable ui-sortable\" style=\"z-index: 106;\"><div class=\"droppedField\" style=\"z-index: 121;\" id=\"CTRL-DIV-1006\"><label class=\"control-label\">文本</label> <input type=\"text\" placeholder=\"请输入内容。。。\" class=\"ctrl-textbox\"> <input type=\"hidden\" class=\"hiddenObligatoire\"></div></div></div>', '0', 'usertask2sid-634A6AFE-30C3-E82F-4BFF-3D5E2CA90FC5', 'bb', '未完成');
INSERT INTO `act_formmodel` VALUES ('49', '<div class=\"row-fluid\"><div class=\"span4 well droppedFields ui-droppable ui-sortable\"></div><div class=\"span4 well droppedFields ui-droppable ui-sortable\"></div><div class=\"span4 well droppedFields ui-droppable ui-sortable\"></div></div>', '0', 'flowchartWindow2', '', '未完成');
INSERT INTO `act_formmodel` VALUES ('50', '<div class=\"row-fluid\"><div class=\"span4 well droppedFields ui-droppable ui-sortable\"></div><div class=\"span4 well droppedFields ui-droppable ui-sortable\"></div><div class=\"span4 well droppedFields ui-droppable ui-sortable\"></div></div>', '0', 'flowchartWindow1', 'acc9204', '未完成');

-- ----------------------------
-- Table structure for act_ge_bytearray
-- ----------------------------
DROP TABLE IF EXISTS `act_ge_bytearray`;
CREATE TABLE `act_ge_bytearray` (
  `ID_` varchar(64) COLLATE utf8_bin NOT NULL,
  `REV_` int(11) DEFAULT NULL,
  `NAME_` varchar(255) COLLATE utf8_bin DEFAULT NULL,
  `DEPLOYMENT_ID_` varchar(64) COLLATE utf8_bin DEFAULT NULL,
  `BYTES_` longblob,
  `GENERATED_` tinyint(4) DEFAULT NULL,
  PRIMARY KEY (`ID_`),
  KEY `ACT_FK_BYTEARR_DEPL` (`DEPLOYMENT_ID_`),
  CONSTRAINT `ACT_FK_BYTEARR_DEPL` FOREIGN KEY (`DEPLOYMENT_ID_`) REFERENCES `act_re_deployment` (`ID_`)
) ENGINE=InnoDB DEFAULT CHARSET=utf8 COLLATE=utf8_bin;

-- ----------------------------
-- Records of act_ge_bytearray
-- ----------------------------
INSERT INTO `act_ge_bytearray` VALUES ('317523', '1', 'D56C5476-57BB-4839-9158-AD80F40183D0Process.bpmn', '317522', 0x3C3F786D6C2076657273696F6E3D22312E302220656E636F64696E673D225554462D38223F3E0A3C646566696E6974696F6E7320786D6C6E733D22687474703A2F2F7777772E6F6D672E6F72672F737065632F42504D4E2F32303130303532342F4D4F44454C2220786D6C6E733A62706D6E64693D22687474703A2F2F7777772E6F6D672E6F72672F737065632F42504D4E2F32303130303532342F44492220786D6C6E733A6F6D6764633D22687474703A2F2F7777772E6F6D672E6F72672F737065632F44442F32303130303532342F44432220786D6C6E733A6F6D6764693D22687474703A2F2F7777772E6F6D672E6F72672F737065632F44442F32303130303532342F44492220786D6C6E733A7873693D22687474703A2F2F7777772E77332E6F72672F323030312F584D4C536368656D612D696E7374616E63652220786D6C6E733A61637469766974693D22687474703A2F2F61637469766974692E6F72672F62706D6E22207461726765744E616D6573706163653D22687474703A2F2F61637469766974692E6F72672F62706D6E323022207873693A736368656D614C6F636174696F6E3D22687474703A2F2F7777772E6F6D672E6F72672F737065632F42504D4E2F32303130303532342F4D4F44454C20687474703A2F2F7777772E6F6D672E6F72672F737065632F42504D4E2F322E302F32303130303530312F42504D4E32302E787364223E0A20203C636F6C6C61626F726174696F6E2069643D227369642D63306537343566662D333631652D346166622D386338642D326131666333326231343234223E0A202020203C7061727469636970616E742069643D227369642D38374634433144362D323545312D344134352D394441372D41443934353939334430364622206E616D653D22E6B581E7A88BE8AEBEE8AEA1222070726F636573735265663D227369642D31444236443746312D393546452D384239462D324331312D46323442353544433935323022202F3E0A20203C2F636F6C6C61626F726174696F6E3E0A20203C70726F636573732069643D227369642D31444236443746312D393546452D384239462D324331312D46323442353544433935323022206E616D653D22E6B581E7A88BE8AEBEE8AEA1223E0A202020203C657874656E73696F6E456C656D656E7473202F3E0A202020203C6C616E655365742069643D227369642D62313637643064372D653736312D343633362D393230302D373662376630653865383361223E0A2020202020203C6C616E652069643D227369642D35374534464530442D313845342D343738442D424335442D42313531363445393332353422202F3E0A202020203C2F6C616E655365743E0A202020203C73746172744576656E742069643D2273746172746576656E743122206E616D653D22E5BC80E5A78BE88A82E782B9222061637469766974693A696E69746961746F723D22696E69746961746F7222202F3E0A202020203C757365725461736B2069643D22757365727461736B317369642D31444236443746312D393546452D384239462D324331312D46323442353544433935323022206E616D653D22E794A8E688B7E88A82E782B9222061637469766974693A61737369676E65653D2263657368693122202F3E0A202020203C73657175656E6365466C6F772069643D22666C6F773122206E616D653D222220736F757263655265663D2273746172746576656E743122207461726765745265663D22757365727461736B317369642D31444236443746312D393546452D384239462D324331312D46323442353544433935323022202F3E0A202020203C757365725461736B2069643D22757365727461736B327369642D31444236443746312D393546452D384239462D324331312D46323442353544433935323022206E616D653D22E794A8E688B7E88A82E782B9222061637469766974693A61737369676E65653D2263657368693122202F3E0A202020203C73657175656E6365466C6F772069643D22666C6F773222206E616D653D222220736F757263655265663D22757365727461736B317369642D31444236443746312D393546452D384239462D324331312D46323442353544433935323022207461726765745265663D22757365727461736B327369642D31444236443746312D393546452D384239462D324331312D46323442353544433935323022202F3E0A202020203C656E644576656E742069643D22656E646576656E743022206E616D653D22E7BB93E69D9FE88A82E782B922202F3E0A202020203C73657175656E6365466C6F772069643D22666C6F773022206E616D653D222220736F757263655265663D22757365727461736B327369642D31444236443746312D393546452D384239462D324331312D46323442353544433935323022207461726765745265663D22656E646576656E743022202F3E0A20203C2F70726F636573733E0A20203C62706D6E64693A42504D4E4469616772616D2069643D227369642D37343632303831322D393263342D343465352D393439632D616134373339336433383330223E0A202020203C62706D6E64693A42504D4E506C616E652069643D227369642D63646361653735392D326166372D346136642D626430322D353366333335326137333164222062706D6E456C656D656E743D227369642D63306537343566662D333631652D346166622D386338642D326131666333326231343234223E0A2020202020203C62706D6E64693A42504D4E53686170652069643D227369642D38374634433144362D323545312D344134352D394441372D4144393435393933443036465F677569222062706D6E456C656D656E743D227369642D38374634433144362D323545312D344134352D394441372D41443934353939334430364622206973486F72697A6F6E74616C3D2274727565223E0A20202020202020203C6F6D6764633A426F756E647320783D2234322E352220793D223735222077696474683D2234333322206865696768743D2237303022202F3E0A20202020202020203C62706D6E64693A42504D4E4C6162656C206C6162656C5374796C653D227369642D38346362343966642D326637632D343466622D383935302D383363336661313533643362223E0A202020202020202020203C6F6D6764633A426F756E647320783D2234372E34393939393939393939393939392220793D223137302E3432383537333630383339383434222077696474683D2231322E30303030303030303030303030313422206865696768743D2235392E31343238353237383332303331323522202F3E0A20202020202020203C2F62706D6E64693A42504D4E4C6162656C3E0A2020202020203C2F62706D6E64693A42504D4E53686170653E0A2020202020203C62706D6E64693A42504D4E53686170652069643D2242504D4E53686170655F73746172746576656E7431222062706D6E456C656D656E743D2273746172746576656E7431223E0A20202020202020203C6F6D6764633A426F756E647320783D223232352220793D22313030222077696474683D22343022206865696768743D22343022202F3E0A2020202020203C2F62706D6E64693A42504D4E53686170653E0A2020202020203C62706D6E64693A42504D4E456467652069643D2242504D4E456467655F666C6F7731222062706D6E456C656D656E743D22666C6F7731223E0A20202020202020203C6F6D6764693A776179706F696E74207873693A747970653D226F6D6764633A506F696E742220783D223234352220793D2231343022202F3E0A20202020202020203C6F6D6764693A776179706F696E74207873693A747970653D226F6D6764633A506F696E742220783D223234352220793D2232303022202F3E0A2020202020203C2F62706D6E64693A42504D4E456467653E0A2020202020203C62706D6E64693A42504D4E53686170652069643D2242504D4E53686170655F757365727461736B317369642D31444236443746312D393546452D384239462D324331312D463234423535444339353230222062706D6E456C656D656E743D22757365727461736B317369642D31444236443746312D393546452D384239462D324331312D463234423535444339353230223E0A20202020202020203C6F6D6764633A426F756E647320783D223139302220793D22323030222077696474683D2231323022206865696768743D22343022202F3E0A2020202020203C2F62706D6E64693A42504D4E53686170653E0A2020202020203C62706D6E64693A42504D4E456467652069643D2242504D4E456467655F666C6F7732222062706D6E456C656D656E743D22666C6F7732223E0A20202020202020203C6F6D6764693A776179706F696E74207873693A747970653D226F6D6764633A506F696E742220783D223234352220793D2232343022202F3E0A20202020202020203C6F6D6764693A776179706F696E74207873693A747970653D226F6D6764633A506F696E742220783D223234352220793D2233303022202F3E0A2020202020203C2F62706D6E64693A42504D4E456467653E0A2020202020203C62706D6E64693A42504D4E53686170652069643D2242504D4E53686170655F757365727461736B327369642D31444236443746312D393546452D384239462D324331312D463234423535444339353230222062706D6E456C656D656E743D22757365727461736B327369642D31444236443746312D393546452D384239462D324331312D463234423535444339353230223E0A20202020202020203C6F6D6764633A426F756E647320783D223139302220793D22333030222077696474683D2231323022206865696768743D22343022202F3E0A2020202020203C2F62706D6E64693A42504D4E53686170653E0A2020202020203C62706D6E64693A42504D4E53686170652069643D2242504D4E53686170655F656E646576656E7430222062706D6E456C656D656E743D22656E646576656E7430223E0A20202020202020203C6F6D6764633A426F756E647320783D223232352220793D22343030222077696474683D22343022206865696768743D22343022202F3E0A2020202020203C2F62706D6E64693A42504D4E53686170653E0A2020202020203C62706D6E64693A42504D4E456467652069643D2242504D4E456467655F666C6F7730222062706D6E456C656D656E743D22666C6F7730223E0A20202020202020203C6F6D6764693A776179706F696E74207873693A747970653D226F6D6764633A506F696E742220783D223234352220793D2233343022202F3E0A20202020202020203C6F6D6764693A776179706F696E74207873693A747970653D226F6D6764633A506F696E742220783D223234352220793D2234303022202F3E0A2020202020203C2F62706D6E64693A42504D4E456467653E0A2020202020203C62706D6E64693A42504D4E53686170652069643D227369642D35374534464530442D313845342D343738442D424335442D4231353136344539333235345F677569222062706D6E456C656D656E743D227369642D35374534464530442D313845342D343738442D424335442D42313531363445393332353422206973486F72697A6F6E74616C3D2274727565223E0A20202020202020203C6F6D6764633A426F756E647320783D2237322E352220793D223735222077696474683D2234303322206865696768743D2237303022202F3E0A2020202020203C2F62706D6E64693A42504D4E53686170653E0A202020203C2F62706D6E64693A42504D4E506C616E653E0A202020203C62706D6E64693A42504D4E4C6162656C5374796C652069643D227369642D65303530326433322D663864312D343163662D396334612D636262343966656366353831223E0A2020202020203C6F6D6764633A466F6E74206E616D653D22417269616C222073697A653D22313122206973426F6C643D2266616C7365222069734974616C69633D2266616C736522206973556E6465726C696E653D2266616C736522206973537472696B655468726F7567683D2266616C736522202F3E0A202020203C2F62706D6E64693A42504D4E4C6162656C5374796C653E0A202020203C62706D6E64693A42504D4E4C6162656C5374796C652069643D227369642D38346362343966642D326637632D343466622D383935302D383363336661313533643362223E0A2020202020203C6F6D6764633A466F6E74206E616D653D22417269616C222073697A653D22313222206973426F6C643D2266616C7365222069734974616C69633D2266616C736522206973556E6465726C696E653D2266616C736522206973537472696B655468726F7567683D2266616C736522202F3E0A202020203C2F62706D6E64693A42504D4E4C6162656C5374796C653E0A20203C2F62706D6E64693A42504D4E4469616772616D3E0A3C2F646566696E6974696F6E733E0A, '0');
INSERT INTO `act_ge_bytearray` VALUES ('317524', '1', 'D56C5476-57BB-4839-9158-AD80F40183D0Process.sid-1DB6D7F1-95FE-8B9F-2C11-F24B55DC9520.png', '317522', 0x89504E470D0A1A0A0000000D49484452000001E5000003110806000000D2ACAE4400001EF14944415478DAEDDD4F8C95E5BDC0714D58B8C0C44517D5789326D7F476D18549BBE8CE59DE054EBBE0E49DF7CCC14E230CD480B5FC510A36921AA50A5E173531DA9B60ADE1369734259D149119FE08978A05622A4C08604145E03A60C676940166E0BDCFC3659AE3C080E0CC79CE9FCF2779829DB1C5E77706BF7DCE9FF7BDE5160000000000000000000000000000000000000000000000000000000000000000000000000000000000000000000000000000000000000000000000000000000000000000000000000000000000000000000000000000000000000000000000000000000000000000000000000000000000000000000000000000000000000000000000000000000000000000809651589665595603AFA68B722BFDBE0068980D8932005A22CA0088B20D8932005A22CA0088B20D8932005A22CA0088B20D1924005A22CA0088B20D192400A22CCA0020CA0609808689320088B24102A061A20C00A26C90006898280380281B24001A26CA00A025A20C8086D9902803A025A20C8086D9902803A025A20C8028DB9028D3387F188A62DA860D1B66BEFAEAAB7F5CBD7AF5E165CB969D993D7BF6C58E8E8E22AECECECE62DEBC79238B162D3ABD72E5CAB79E7AEAA9FF78FCF1C7FFD5E44094451926C9EEDDBBFFED95575ED9B07CF9F2B373E6CC299E7FFEF962E3C68DC5A143878AC1C1C1A25AFCCFF1EB5BB66C295E78E18562EEDCB917162E5CF8E1638F3DB6A0ABABEB36D3042D1165B8B993F1D7D6AD5BF7FAFCF9F32F3CFBECB3C5DEBD7B8BD1D1D1E246BDFBEEBBC5AA55AB461F7CF0C1CFC229FAA1B6B6B669A60B5A22CAF025BDFEFAEB0F2F5DBA7464D9B265974EBE93E16F7FFB5BF1F4D34F8F86D3F38172B97CAF29839688325CFB743CADA7A7E78DAEAEAE62FDFAF5377532BE9EF8D4F7030F3C70EE478189839688324C10E4575E7965DF82050B26ED743C910F3FFCB0983367CE99D0E5E5260F5A22CA7095202F5CB8B0F8E4934F8A5A88BFCFDCB9733F0FA7E6A51E01D0125186CBE253D6F1845CAB205787B9BBBB7B28CFF38A4701B444946979F14D5DF135E4A97ECAFA5A4F65CF9A35EB1FDEFC055A22CAB4F69FD8A2F85A7C97757C53574A1B366C381BC2FC171F97022D11655A56FC1C72FCD8D354BCCBFA4685FF73702CCBB20E8F0A688928D372E295BA7EFCE31F5F4CF5B4F578EFBDF7DEB94AA5F27EA9549AEED1012D11655A4ABC7466BC52573DF9D9CF7E76B8A3A3639E4707B44494699D3FA945312D5ECB3A5E3AB39EBCF3CE3B9F94CBE5373D42A025A24CCB88777B8A3797A887D792C7EBECECFC34CFF36F7994404B449996106FBF18EFF6548F1E7FFCF1BF665936DFA3045A22CAB484783FE4780DEA7AF4FBDFFFFE2F1D1D1D6B3C4AA025A24C4B58B66CD9997A79D7F578FDFDFDEF8728BFE551022D11655AC2ECD9B32F0E0E0ED66594C33FD7D910E5531E25D01251A62584E815F52CFEF37994404B4419511665D0301B12656A67D6AC59F5DCE4E110E5118F12688928D3121E7AE8A1F3F5FA9AF2E9D3A7E355BD8E7994404B449996B078F1E2817A7DF7F59E3D7B3679F735688928D3329E79E6999DF5FA39E57861139F53062D11655AC6934F3EF974BD5ED16BFEFCF99B5CD10BB4449469190B162CB8BBBBBB7BB40EAF7D7D32CFF3FFEDECECBCDBA3045A22CAB48CC58B17BF576F7789EAEBEBFBEF8E8E8EAD1E1DD01251A6A52C5AB4E8A15FFEF29723F5F451A8AEAEAE37B22CEBF0E8809688322DA5ADAD6DDA830F3E38542FEFC20EA7F63FC48F428530DFE6D1012D11655ACEC30F3FFCA3279F7CF27C1D3479E8873FFCE1D63CCF2B1E15D01251A665757777F7F7F4F4242DF2AA55ABFE339C9277C4D3BB4704B444946959E572F9DE59B3669D4FF534767F7FFFFA7857A8F8CFE1D1002D11655ADE030F3C90CD9D3BF7F393274FD634C8274E9CD81862FC81A7AD414B4419AA542A9585DDDDDD9FD52ACC63410EA7E4C5A60F5A22CA709530CF9933E71F53FD54767CCA5A90414B4419AE238472666767E7704F4FCF99A97897F5E537759DF29435688928C39710DF74154ECDBB962C59F2C1C183072723CEC3F173C8F1634FF15DD6DED4055A22CA7073A7E6638F3EFAE8A1B7DF7EFBD44D5C2BFB64BC7466BC5257BC30483C1DFBD813688928C34D8A57D80A41ED0A41DD16023DB87CF9F27D6BD7AEDDD3DFDFFFFEE0E0E0D9B1FA5EBC7871F8F4E9D387E3FD90E3ED17E3DD9EC27FEFA3782DEB78E94C57EA022D116598DC93F337429C67875F5F8C4F43C7D786C32AAAD6B1B0DE8AF7438EB75F74B7271065518634C11E2A954AD34D02445994217D944F542A953B4D02445994217D940F6559F64D9300511665481FE5BDE572F93B2601A22CCA903ECADBF23CBFCF2440944519D247B927CBB2192601A22CCA903ECA6BC34939370910655186F4517E39AC6E9300511665482C1C929F0B6B914980288B32A43F29AF08EB099300511665487F525E9465D96A9300511665487F52EE0EEB259300511665481FE5727C07B64980288B322496E7F9FDF1B3CA2601A22CCA90FEA4DC16EF9D6C1220CAA20C89C5EB5E8728EF310910655186C4E21DA242940F9A0488B228436221C877C57B2A9B0488B2284362EDEDEDB787280F990488B228437AB786288FC65F8D0244599421B178522E954AD34D02445994217D944F542A953B4D02445994217D940FC577619B0488B22843FA28EF8D9F57360910655186F451DE96E7F97D2601A22CCA903ECA3D5996CD300910655186F4515E1B4ECAB94980288B32A48FF2CBF1BECA2601A22CCA905838243F17D6229300511665487F525E11D6132601A22CCA90FEA4BC28CBB2D52601A22CCA90FEA4DC1DD64B2601A22CCA903ECAE5F80E6C9300511665482CCFF3FBE367954D0244599421FD49B92DACAD2601A22CCA9058BCEE7588F21E9300511665482CDE212A44F9A04980288B322416827C57BCA7B24980288B3224D6DEDE7E7B88F2904980288B32A4776B88F268FCD52840944519128B27E552A934DD2440944519D247F944A552B9D32440944519D247F9507C17B64980288B32A48FF2DEF879659300511665481FE56D799EDF671220CAA20CE9A3DC9365D90C9300511665481FE5B5E1A49C9B0488B22843FA28BF1CEFAB6C1220CAA20C898543F273612D2A954A5F0F71FE469665DF8EBF9A0C688928C3142A97CBF7C65B35867520ACA3619D0AABB8CAFAAE69819688324CB110DC1D1384F8D20AA7E65E53022D1165A84D94DBAE15E5B0669A1268892843EDC2FCAB09827CB2ABABEB3613022D1165A891CECECEBB438047C64739CBB2F9A603A22CCA50FBD3F28A71511E0AA7E43B4C06445994A1C6E2D3D4D5EFBE0EA7E4E74D054459942191F874F558944BA5D23D2602A22CCA905008F2DB619D350910655186C4C209B93D44F98C4980288B32F5FBC35414D38E1C39B26ED7AE5D17366FDE5CF4F6F65A0DBEFAFAFA8AEDDBB79F0EABE2271C0D13651A480CF28E1D3B8A818181E2DCB9735693AC53A74E156FBEF9E6DF43A05D24050D13651A453C210B72D386F95C38391FF0538E8689320D223E652D60CDBB429447FC94A361A24C8388AF418A575347D99F5B344C9469B6287FF6E9C9E2C8EE35457FDF2F2EADF8D7F16BC227CA20CA06490DA33C3478BCD8FFC6CF8BBFFE69C91756FC5AFC9EF8893288B24152A3281FEBFFE315411E5B1FF5F7889F2883281B24B58AF281ADCF4C18E5F83DF11365106583A44651DEDFBB62C228C7EF899F2883281B24A26C89321A26CAB45694E3BBAD278A72FC9EF8893288B24152A3281FDEF9C284518EDF133F51065136486A14E54F8EBF5BECDFF4C4954F5D87AFC5EF899F2883281B24358A725C47F7BC7A4594E3D7844F9441940D925A46F9ECD9E2F09F5FBCF2A9EBF0B5F83DF11365106583A406518E57EC3AB4F35713BEA61CBFE7AA5EA20CA26C904C6594C309F8E4E12DC5BE8DCB260CF2D88A7F4FFC7B9D9A451944D92099E4285FEF74ECD42CCAA025A24C8DA2FC654EC7D73A358BA12883281B249314E59B0DF2D8124351065136482629CA962883968832A26C8932A26C43A22CCA962883968832A26C8932A26C430689288B3268892823CA962823CA36649088B22883288B32A26C893288B24122CAA20C1A26CA88B225CA20CA0689285BA28C868932A26C893288B24122CA9628A361A28C285BA20CA26C9088B225CA68982823CA9628839688329369F3E6CDE2D5BC6B384479C44F391A26CA3488EDDBB79F1C181810B0265CC78F1FFF5D88F2013FE5689828D320B66CD9F2FD6DDBB67DFAF1C71F9F11B2E63921C720F7F5F57D10D64C3FE5689828D340C2BFB8678413D5EEF854677C0DB29957474747D1EC7BBCFC381E1064344C94A1AEC5289B0288B228832803A26C9020CA20CAA20CA20C88B241822883868932883220CA0609A20C1A26CA20CA80281B2488326898288328035A22CA20CAA061A20CA20C68892883288386D9902823CA80968832883288B20D8932A20C68892883288328DB902823CA80968832883288B20D8932A20C68892883288328DB904122CA80288B32883288B20D1924883288B228832803A26C9020CAA061A20CA20C88B241822883868932883220CA0609A20C1A26CA20CA80281B2488326898288328035A22CA20CAA0613624CA8832A025A20CA20C1A6643A28C28035A22CA20CA20CA3624CA8832A025A20CA20CA26C43A28C28035A22CA20CA20CA3664908832A025A20CA20CA26C430609A20CA22CCA20CA80281B248832689828832803A26C9020CAA061A20CF516E09E18E1EBACDD26055A22CA30F551FE6E5823D78A729665334C0AB44494A136617EFD1A517EABADAD6D9A2981968832D4EEB47CD528E779FE0313022D1165A86D98AFF6DAF26EA764D012518634A7E511AF2583288B32D48110E13F382583288B32D44794BF57F55AF2BF9B0888B228434263AF2D3B2583288B32A48FF2775DD10B445994A9DF1FA6A29876E4C89175BB76EDBAB079F3E6A2B7B7D76AF0D5D7D7576CDFBEFD7458153FE1689828D340629077ECD8510C0C0C14E7CE9DB39A649D3A75AA78F3CD37FF1E023DD34F391A26CA3488784216E4A60DF3B970723EE0A71C0D13651A447CCA5AC09A7785288FF82947C3449906115F8314AFA68EB23FB7689828D36C51FEECD393C591DD6B8AFEBE5F5C5AF1AFE3D7844F9441940D921A467968F078B1FF8D9F177FFDD3922FACF8B5F83DF11365106583A446513ED6FFC72B823CB63EEAEF113F51065136486A15E5035B9F9930CAF17BE227CA20CA06498DA2BCBF77C584518EDF133F510651364844D91265344C9469AD28C7775B4F14E5F83DF11365106583A446513EBCF38509A31CBF277EA20CA26C90D428CA9F1C7FB7D8BFE9892B9FBA0E5F8BDF133F51065136486A14E5B88EEE79F58A28C7AF099F2883281B24B58CF2D9B3C5E13FBF78E553D7E16BF17BE227CA20CA06490DA21CAFD87568E7AF267C4D397ECF55BD441944D92099CA288713F0C9C35B8A7D1B974D18E4B115FF9EF8F73A358B3288B24132C951BEDEE9D8A95994414B44991A45F9CB9C8EAF756A164351065136482629CA371BE4B12586A20CA26C904C52942D51062D116544D9126544D9864459942D51062D116544D9126544D9860C12511665D0125146942D5146946DC8201165510651166544D9126510658344944519344C9411654B9441940D1251B644190D136544D9126510658344942D5146C3441951B6441944D92011654B94D1305146942D51062D116526D3E6CD9BC5AB79D77088F2889F72344C946910DBB76F3F39303020604DB88E1F3FFEBB10E5037ECAD13051A6416CD9B2E5FBDBB66DFBF4E38F3F3ED3EC913A7BF66CCB9C906390FBFAFA3E086BA69F72344C946920E15FDC33C2896A777CAA33BE06D98C6BD3A64D45B95CBEF46BB3EEB16AC5C7F18020A361A20C75A9BDBDFDF68E8E8E219300511665482C04F9AEB04E980488B228436259967D3344F9A04980288B3224562E97BF13A2BCC72440944519120B416E0B6BAB4980288B322496E7F9FD21CA3D2601A22CCA90FEA45C0E6BAD4980288B32A48F7277582F990488B2284362799E2FCAB26CB54980288B32A43F29AF08EB099300511665487F527E2E9E964D0244599421FD49F9E5F8BAB24980288B32A48FF2DA7052CE4D02445994217D947BB22C9B611220CAA20CE9A3BC2D1C94EF330910655186F451DE1BAF7F6D1220CAA20CE9A37C28DE29CA2440944519D247F944A552B9D32440944519D24779A8542A4D370910655186B46E0D511E8DBF1A0588B2284342EDEDEDB7C793B24980288B322416827C577C4DD92440944519128BEFBA0E513E681220CAA20C89C5CF278728EF310910655186C44290DBC2DA6A1220CAA20C89E5797E7FBCF6B54980288B32A43F2997E35DA24C02445994217D94BBC37AC9244094451912CBF37C519665AB4D0244599421FD497945584F980488B22843FA93F273F1B46C1220CAA20CE94FCA2FC7D7954D02445994217D94D78693726E1220CAA20CE9A3DC9365D90C9300511665481FE56DE1A07C9F4980288B32A48FF2DE78FD6B9300511665481FE543F14E512601A22CCA903ECA272A95CA9D2601A22CCA903ECA43A55269BA4980288B32A4756B88F268FCD52840944519126A6F6FBF3D9E944D0244599421B110E4BBE26BCA2601A22CCA90587CD77588F2419300511665482C7E3E3944798F4980288B32241682DC16D6569300511665482CCFF3FBE3B5AF4D0244599421FD49B91CEF12651220CAA20CE9A3DC1DD64B2601A22CCA50439D9D9D7797CBE57B4384BF11575B5BDBB43CCF176559B6DA74409445196A2804F85B21C6236115E3D67058472FAF1D21D2DF332D106551862916A2BBEE2A51AE5E87E309DAA440944519A6FEB4FC836B45397EDF94409445196A775ADE374194D7990E88B228436DA3DC7595208F6459F66DD301511665A8A178EFE410E153D5510E417EDE64409445191208115E5A15E5CFE3C7A54C05445994218118E1B18F4785403F632220CAA20C098520FF36043986F95F4C03445994A176A7E2C521C0BF0EBFEEBE7C9190E1AAD7933F0AEB9DF0D72FE6795EF1543688B228C3240A71FD5A08EDFCF0EBFEB046AF73C1902B568C74F8EF3D12DF14669AA025A20C37E1F23BAB5784A07E76A3219E600D85B5AAABABEB0ED3052D1165F8F2A7E34A58C7C78775D6AC59C5534F3D55AC5FBFBEE8EFEF2F0606068AD1D1D162CCE0E06071E8D0A162E3C68DC5CA952B2FFDFD578973FC08559729839688325C43BC56757C3D787C48172E5C58F4F6F6169F7FFE797123CE9F3F5FECD8B1A358B264C9D5E2BCC6A919B44494E12A4AA5D2D7C3E9785775381F79E4914B51AD3E0DDFAC5DBB76150B162C181FE67DE1F7BDC7F4414B4419BE18E4F7AB83B966CD9A627878B8984C31EEBFF9CD6FC687F9A83083968832DCF2CFA7ACFF672C929D9D9D979EAA9E4AF17F7FDCEBCDFBBC3B1BB444946979D5AF21C720C7A7AB6B213E9D1D7F3F7796022D1165B8E5FFDF655DFD54F2549F90AF76621E770FE6D91E15D01251A6E5C4A78BAB3FF6145F434EE1B5D75EAB0EF3494F638396DCEC86E2F747AFB10C92BA152F0C52FD2EEBC97E53D78DBCF92BFEFE55615EE1D10151BE990D8DDEE4F74499A4E2A533ABAFD4B573E7CE22A5F8FA72D5653907E33F9F47094459946909F15AD6D51706998CCF217F558F3DF698D33288B228D39227E5FD6301DCB2654B510FE2BBBEABA27CD8A304A22CCA34BD783BC5B1BB3DC5CF0ADFE8A533A74ABC2467F56797CBE5F2BD1E2D10E51B8DF244EBBC41528FE2FD90C7C2176F2E514F9E7DF6D9EAD796977AB44094EB6143A2CC9409B1FBF558F87A7A7AEA2ACAF1EE52554F61FFD6A3055A22CA34FB4979F758F8E2ED17EB49BCED63D549F91D8F1668C98D6CC8E79469C4281F1D0B5FBC1F723D89F763AEBEEFB2470B44F94636E48D5E34629487C7C2570F1F851AAFFAB29B1E2D106551A6D9A3FCCFE8D52351065116659C94EB2FCA231E2D106551A6D9A3DC28AF291FF3688128DF68947D4E99468BB2775F8328DB90285327515ED5209F537ED1A3055A22CA347B946736C215BDF23CAF78B4404B6E64433EA74CC329954A5F8F6FA2AAC76B5F572A958B63518ED7E8F6688128DFC886BCD18B463D2DBF55CF7789F27A3288B228D34A519E3716C0254B96D445941F7DF4D10B554F5D3FE251025116655A425757D76DE1343A3816C19D3B77260DF2AE5DBBAADFE035542A95A67B944094459996114EA32BC742386FDEBC627878384990E3054C7EF2939F5CA88AF22A8F0E88F2CD46D9E7946948F1341A2FD03116C3356BD62489F26BAFBDF6859B508453FC1D1E1D10E57ADA902853ABD372A5FA5AD3BDBDBD350D72FCFDAA7FFFB0BA3C2AA025A24CCBCAB2ECD7551F43AAD9EBCBF175E4F0FB8D5605798D4703B4E4AB6CC8E7946978979FC6DE571DE6A93E31C7FFFD7141DEE7696B10E5AFBA216FF4A229C40B7554DFA862EC35E678418FC97E53D7B8D790E33A1AFE8FC13D1E0510655186AA30C78B76540733BE2B3B3ECD3C594F57FFF4A73FBD302EC8FB0419445994E12ADADADAA6E579FE5FE3C279E90223F1CA5F37FAB1A978D28EAF51575F18A4FA35644F5983288B325CC7E577651F1B1FD278ADEC78138B7877A978DBC7783FE6F89474F5FD90E3ED17E3DD9EE2CD25AAAF655DFDB127EFB206519EAA28FB9C324D295EF52BC47345F595BFBEE21A8A1706713A06516EB40D8932F514E73B4298975E7E87F6C88DC638BE4E1DAF65EDD299A025A20C932804F6DB31B0973FDBBCFBF253D163018EC13E76F9CD622FC6A7C0DD7E114459940140940D1200511665001065830440C344190044D92001D03051060051364800344C9401404B4419000D136500D012510640C36C489401D012510640946D489401D012510640946D489401D012510640946D489401D012510640946DC820011065510640946DC82001106551060051364800344C940140940D12000D1365001065830440C344190044D92001D0305106002D11650034CC864419002D11650034CC864419002D11650044D9864419002D11650044D9864419002D11650044D9860C12002D11650044D9860C1200511665001065830440C344190044D92001D03051060051364800344C940140940D12000D136500D012510640C36C489401D012510640C36C489401D012510640946D489401D012510640946D489401D012510640946DC82001D012510640946DC82001106551060051364800344C940140940D12000D1365001065830440C344190044D92001D0305106002D11650034CC864419002D11650034CC864419002D11650044D9864419002D11650044D9864419002D11650044D9860C12002D11650044D9860C12005116650010658304409445190044D92001D03051060051364800344C940140940D12000D136500D012510640C3441900B4449401D0301B126500B444940110651B126500B444940110651B126500B444940110651B126500B444940110651B3248004459940110651B3248004459940140940D12000D1365001065830440C344190044D92001D03051060051364800344C9401404B4419000DB3215106404B4419000DB3215106404B44190051B6215106404B44190051B6215106404B44190051B6218304404B44190051B6218304409445190044D92001D03051060051364800344C940140940D12000D1365001065830440C3441900B4449401D0301B126500B4449401D0301B126500B444940110651B126500B444940110651B126500B444940110651B324800B444940110651B3248004459940140940D12000D1365001065830440C344190044D92001D03051060051364800344C9401404B4419000DB3215106404B4419000DB3215106404B44190051B6215106404B44190051B6215106404B44190051B6218304404B44190051B6218304409445190044D92001106551060051364800344C940140940D12000D1365001065830440C3441900B4449401D0305106002D11650034CC864419002D11650044D9864419002D11650044D9864419002D11650044D9864419002D11650044D9860C12005116650044D9860C1200511665001065830440C344190044D92001D03051060051364800344C940140940D12000D136500D012510640C36C489401D012510640C36C489401D012510640946D489401D012510640946D489401D012510640946DC82001D012510640946DC82001106551060051364800344C940140940D12000D1365001065830440C344190044D92001D0305106002D11650034CC864419002D11650034CC864419002D11650044D9864419002D11650044D9864419002D11650044D9860C12002D11650044D9860C1200511665001065830440C344190044D92001D03051060051364800344C940140940D12000D136500D012510640C36C489401D012510640C36C489401D012510640946D489401D012510640946D489401D012510640946DC82001D012510640946DC820011065510600513648004459940140940D12000D1365001065830440C344190044D92001D0305106002D116500344C9401404B4419000DB3215106404B44190051B6215106404B44190051B6215106404B44190051B6215106404B44190051B6218304409445190051B6218304409445190044D92001D03051060051364800344C940140940D12000D1365001065830440C3441900B4449401D0301B126500B4449401D0301B126500B444940110651B126500B444940110651B126500B444940110651B324800B444940110651B3248004459940140940D12000D1365001065830440C344190044D92001D03051060051364800344C9401404B4419000DB3215106404B4419000DB3215106404B44190051B6215106404B44190051B6215106404B44190051B6218304404B44190051B6218304409445190044D92001D03051060051364800344C940140940D12000D1365001065830440C3441900B4449401D0B03ADB906559966535EA02000000000000000000000000000000009AD5FF0109159608E12CE03F0000000049454E44AE426082, '1');
INSERT INTO `act_ge_bytearray` VALUES ('330002', '1', '8F4128EB-8F6C-433D-9D2C-212D776DDB65Process.bpmn', '330001', 0x3C3F786D6C2076657273696F6E3D22312E302220656E636F64696E673D225554462D38223F3E0A3C646566696E6974696F6E7320786D6C6E733D22687474703A2F2F7777772E6F6D672E6F72672F737065632F42504D4E2F32303130303532342F4D4F44454C2220786D6C6E733A62706D6E64693D22687474703A2F2F7777772E6F6D672E6F72672F737065632F42504D4E2F32303130303532342F44492220786D6C6E733A6F6D6764633D22687474703A2F2F7777772E6F6D672E6F72672F737065632F44442F32303130303532342F44432220786D6C6E733A6F6D6764693D22687474703A2F2F7777772E6F6D672E6F72672F737065632F44442F32303130303532342F44492220786D6C6E733A7873693D22687474703A2F2F7777772E77332E6F72672F323030312F584D4C536368656D612D696E7374616E63652220786D6C6E733A61637469766974693D22687474703A2F2F61637469766974692E6F72672F62706D6E22207461726765744E616D6573706163653D22687474703A2F2F61637469766974692E6F72672F62706D6E323022207873693A736368656D614C6F636174696F6E3D22687474703A2F2F7777772E6F6D672E6F72672F737065632F42504D4E2F32303130303532342F4D4F44454C20687474703A2F2F7777772E6F6D672E6F72672F737065632F42504D4E2F322E302F32303130303530312F42504D4E32302E787364223E0A20203C636F6C6C61626F726174696F6E2069643D227369642D63306537343566662D333631652D346166622D386338642D326131666333326231343234223E0A202020203C7061727469636970616E742069643D227369642D38374634433144362D323545312D344134352D394441372D41443934353939334430364622206E616D653D22E6B581E7A88BE8AEBEE8AEA1222070726F636573735265663D227369642D34353239363739392D443233312D383732452D393537302D42384646324633464434454422202F3E0A20203C2F636F6C6C61626F726174696F6E3E0A20203C70726F636573732069643D227369642D34353239363739392D443233312D383732452D393537302D42384646324633464434454422206E616D653D22E6B581E7A88BE8AEBEE8AEA1223E0A202020203C657874656E73696F6E456C656D656E7473202F3E0A202020203C6C616E655365742069643D227369642D62313637643064372D653736312D343633362D393230302D373662376630653865383361223E0A2020202020203C6C616E652069643D227369642D35374534464530442D313845342D343738442D424335442D42313531363445393332353422202F3E0A202020203C2F6C616E655365743E0A202020203C73746172744576656E742069643D2273746172746576656E743122206E616D653D22E5BC80E5A78BE88A82E782B9222061637469766974693A696E69746961746F723D22696E69746961746F7222202F3E0A202020203C757365725461736B2069643D22757365727461736B317369642D34353239363739392D443233312D383732452D393537302D42384646324633464434454422206E616D653D22E794A8E688B7E88A82E782B9222061637469766974693A61737369676E65653D2263657368693122202F3E0A202020203C73657175656E6365466C6F772069643D22666C6F773122206E616D653D222220736F757263655265663D2273746172746576656E743122207461726765745265663D22757365727461736B317369642D34353239363739392D443233312D383732452D393537302D42384646324633464434454422202F3E0A202020203C757365725461736B2069643D22757365727461736B327369642D34353239363739392D443233312D383732452D393537302D42384646324633464434454422206E616D653D22E794A8E688B7E88A82E782B9222061637469766974693A61737369676E65653D2263657368693122202F3E0A202020203C73657175656E6365466C6F772069643D22666C6F773222206E616D653D222220736F757263655265663D22757365727461736B317369642D34353239363739392D443233312D383732452D393537302D42384646324633464434454422207461726765745265663D22757365727461736B327369642D34353239363739392D443233312D383732452D393537302D42384646324633464434454422202F3E0A202020203C656E644576656E742069643D22656E646576656E743022206E616D653D22E7BB93E69D9FE88A82E782B922202F3E0A202020203C73657175656E6365466C6F772069643D22666C6F773022206E616D653D222220736F757263655265663D22757365727461736B327369642D34353239363739392D443233312D383732452D393537302D42384646324633464434454422207461726765745265663D22656E646576656E743022202F3E0A20203C2F70726F636573733E0A20203C62706D6E64693A42504D4E4469616772616D2069643D227369642D37343632303831322D393263342D343465352D393439632D616134373339336433383330223E0A202020203C62706D6E64693A42504D4E506C616E652069643D227369642D63646361653735392D326166372D346136642D626430322D353366333335326137333164222062706D6E456C656D656E743D227369642D63306537343566662D333631652D346166622D386338642D326131666333326231343234223E0A2020202020203C62706D6E64693A42504D4E53686170652069643D227369642D38374634433144362D323545312D344134352D394441372D4144393435393933443036465F677569222062706D6E456C656D656E743D227369642D38374634433144362D323545312D344134352D394441372D41443934353939334430364622206973486F72697A6F6E74616C3D2274727565223E0A20202020202020203C6F6D6764633A426F756E647320783D2234322E352220793D223735222077696474683D2234333322206865696768743D2237303022202F3E0A20202020202020203C62706D6E64693A42504D4E4C6162656C206C6162656C5374796C653D227369642D38346362343966642D326637632D343466622D383935302D383363336661313533643362223E0A202020202020202020203C6F6D6764633A426F756E647320783D2234372E34393939393939393939393939392220793D223137302E3432383537333630383339383434222077696474683D2231322E30303030303030303030303030313422206865696768743D2235392E31343238353237383332303331323522202F3E0A20202020202020203C2F62706D6E64693A42504D4E4C6162656C3E0A2020202020203C2F62706D6E64693A42504D4E53686170653E0A2020202020203C62706D6E64693A42504D4E53686170652069643D2242504D4E53686170655F73746172746576656E7431222062706D6E456C656D656E743D2273746172746576656E7431223E0A20202020202020203C6F6D6764633A426F756E647320783D223232352220793D22313030222077696474683D22343022206865696768743D22343022202F3E0A2020202020203C2F62706D6E64693A42504D4E53686170653E0A2020202020203C62706D6E64693A42504D4E456467652069643D2242504D4E456467655F666C6F7731222062706D6E456C656D656E743D22666C6F7731223E0A20202020202020203C6F6D6764693A776179706F696E74207873693A747970653D226F6D6764633A506F696E742220783D223234352220793D2231343022202F3E0A20202020202020203C6F6D6764693A776179706F696E74207873693A747970653D226F6D6764633A506F696E742220783D223234352220793D2232303022202F3E0A2020202020203C2F62706D6E64693A42504D4E456467653E0A2020202020203C62706D6E64693A42504D4E53686170652069643D2242504D4E53686170655F757365727461736B317369642D34353239363739392D443233312D383732452D393537302D423846463246334644344544222062706D6E456C656D656E743D22757365727461736B317369642D34353239363739392D443233312D383732452D393537302D423846463246334644344544223E0A20202020202020203C6F6D6764633A426F756E647320783D223139302220793D22323030222077696474683D2231323022206865696768743D22343022202F3E0A2020202020203C2F62706D6E64693A42504D4E53686170653E0A2020202020203C62706D6E64693A42504D4E456467652069643D2242504D4E456467655F666C6F7732222062706D6E456C656D656E743D22666C6F7732223E0A20202020202020203C6F6D6764693A776179706F696E74207873693A747970653D226F6D6764633A506F696E742220783D223234352220793D2232343022202F3E0A20202020202020203C6F6D6764693A776179706F696E74207873693A747970653D226F6D6764633A506F696E742220783D223234352220793D2233303022202F3E0A2020202020203C2F62706D6E64693A42504D4E456467653E0A2020202020203C62706D6E64693A42504D4E53686170652069643D2242504D4E53686170655F757365727461736B327369642D34353239363739392D443233312D383732452D393537302D423846463246334644344544222062706D6E456C656D656E743D22757365727461736B327369642D34353239363739392D443233312D383732452D393537302D423846463246334644344544223E0A20202020202020203C6F6D6764633A426F756E647320783D223139302220793D22333030222077696474683D2231323022206865696768743D22343022202F3E0A2020202020203C2F62706D6E64693A42504D4E53686170653E0A2020202020203C62706D6E64693A42504D4E53686170652069643D2242504D4E53686170655F656E646576656E7430222062706D6E456C656D656E743D22656E646576656E7430223E0A20202020202020203C6F6D6764633A426F756E647320783D223232352220793D22343030222077696474683D22343022206865696768743D22343022202F3E0A2020202020203C2F62706D6E64693A42504D4E53686170653E0A2020202020203C62706D6E64693A42504D4E456467652069643D2242504D4E456467655F666C6F7730222062706D6E456C656D656E743D22666C6F7730223E0A20202020202020203C6F6D6764693A776179706F696E74207873693A747970653D226F6D6764633A506F696E742220783D223234352220793D2233343022202F3E0A20202020202020203C6F6D6764693A776179706F696E74207873693A747970653D226F6D6764633A506F696E742220783D223234352220793D2234303022202F3E0A2020202020203C2F62706D6E64693A42504D4E456467653E0A2020202020203C62706D6E64693A42504D4E53686170652069643D227369642D35374534464530442D313845342D343738442D424335442D4231353136344539333235345F677569222062706D6E456C656D656E743D227369642D35374534464530442D313845342D343738442D424335442D42313531363445393332353422206973486F72697A6F6E74616C3D2274727565223E0A20202020202020203C6F6D6764633A426F756E647320783D2237322E352220793D223735222077696474683D2234303322206865696768743D2237303022202F3E0A2020202020203C2F62706D6E64693A42504D4E53686170653E0A202020203C2F62706D6E64693A42504D4E506C616E653E0A202020203C62706D6E64693A42504D4E4C6162656C5374796C652069643D227369642D65303530326433322D663864312D343163662D396334612D636262343966656366353831223E0A2020202020203C6F6D6764633A466F6E74206E616D653D22417269616C222073697A653D22313122206973426F6C643D2266616C7365222069734974616C69633D2266616C736522206973556E6465726C696E653D2266616C736522206973537472696B655468726F7567683D2266616C736522202F3E0A202020203C2F62706D6E64693A42504D4E4C6162656C5374796C653E0A202020203C62706D6E64693A42504D4E4C6162656C5374796C652069643D227369642D38346362343966642D326637632D343466622D383935302D383363336661313533643362223E0A2020202020203C6F6D6764633A466F6E74206E616D653D22417269616C222073697A653D22313222206973426F6C643D2266616C7365222069734974616C69633D2266616C736522206973556E6465726C696E653D2266616C736522206973537472696B655468726F7567683D2266616C736522202F3E0A202020203C2F62706D6E64693A42504D4E4C6162656C5374796C653E0A20203C2F62706D6E64693A42504D4E4469616772616D3E0A3C2F646566696E6974696F6E733E0A, '0');
INSERT INTO `act_ge_bytearray` VALUES ('330003', '1', '8F4128EB-8F6C-433D-9D2C-212D776DDB65Process.sid-45296799-D231-872E-9570-B8FF2F3FD4ED.png', '330001', 0x89504E470D0A1A0A0000000D49484452000001E5000003110806000000D2ACAE4400001EF14944415478DAEDDD4F8C95E5BDC0714D58B8C0C44517D5789326D7F476D18549BBE8CE59DE054EBBE0E49DF7CCC14E230CD480B5FC510A36921AA50A5E173531DA9B60ADE1369734259D149119FE08978A05622A4C08604145E03A60C676940166E0BDCFC3659AE3C080E0CC79CE9FCF2779829DB1C5E77706BF7DCE9FF7BDE5160000000000000000000000000000000000000000000000000000000000000000000000000000000000000000000000000000000000000000000000000000000000000000000000000000000000000000000000000000000000000000000000000000000000000000000000000000000000000000000000000000000000000000000000000000000000000000809651589665595603AFA68B722BFDBE0068980D8932005A22CA0088B20D8932005A22CA0088B20D8932005A22CA0088B20D1924005A22CA0088B20D192400A22CCA0020CA0609808689320088B24102A061A20C00A26C90006898280380281B24001A26CA00A025A20C8086D9902803A025A20C8086D9902803A025A20C8028DB9028D3387F188A62DA860D1B66BEFAEAAB7F5CBD7AF5E165CB969D993D7BF6C58E8E8E22AECECECE62DEBC79238B162D3ABD72E5CAB79E7AEAA9FF78FCF1C7FFD5E44094451926C9EEDDBBFFED95575ED9B07CF9F2B373E6CC299E7FFEF962E3C68DC5A143878AC1C1C1A25AFCCFF1EB5BB66C295E78E18562EEDCB917162E5CF8E1638F3DB6A0ABABEB36D3042D1165B8B993F1D7D6AD5BF7FAFCF9F32F3CFBECB3C5DEBD7B8BD1D1D1E246BDFBEEBBC5AA55AB461F7CF0C1CFC229FAA1B6B6B669A60B5A22CAF025BDFEFAEB0F2F5DBA7464D9B265974EBE93E16F7FFB5BF1F4D34F8F86D3F38172B97CAF29839688325CFB743CADA7A7E78DAEAEAE62FDFAF5377532BE9EF8D4F7030F3C70EE478189839688324C10E4575E7965DF82050B26ED743C910F3FFCB0983367CE99D0E5E5260F5A22CA7095202F5CB8B0F8E4934F8A5A88BFCFDCB9733F0FA7E6A51E01D0125186CBE253D6F1845CAB205787B9BBBB7B28CFF38A4701B444946979F14D5DF135E4A97ECAFA5A4F65CF9A35EB1FDEFC055A22CAB4F69FD8A2F85A7C97757C53574A1B366C381BC2FC171F97022D11655A56FC1C72FCD8D354BCCBFA4685FF73702CCBB20E8F0A688928D372E295BA7EFCE31F5F4CF5B4F578EFBDF7DEB94AA5F27EA9549AEED1012D11655A4ABC7466BC52573DF9D9CF7E76B8A3A3639E4707B44494699D3FA945312D5ECB3A5E3AB39EBCF3CE3B9F94CBE5373D42A025A24CCB88777B8A3797A887D792C7EBECECFC34CFF36F7994404B449996106FBF18EFF6548F1E7FFCF1BF665936DFA3045A22CAB484783FE4780DEA7AF4FBDFFFFE2F1D1D1D6B3C4AA025A24C4B58B66CD9997A79D7F578FDFDFDEF8728BFE551022D11655AC2ECD9B32F0E0E0ED66594C33FD7D910E5531E25D01251A62584E815F52CFEF37994404B4419511665D0301B12656A67D6AC59F5DCE4E110E5118F12688928D3121E7AE8A1F3F5FA9AF2E9D3A7E355BD8E7994404B449996B078F1E2817A7DF7F59E3D7B3679F735688928D3329E79E6999DF5FA39E57861139F53062D11655AC6934F3EF974BD5ED16BFEFCF99B5CD10BB4449469190B162CB8BBBBBB7BB40EAF7D7D32CFF3FFEDECECBCDBA3045A22CAB48CC58B17BF576F7789EAEBEBFBEF8E8E8EAD1E1DD01251A6A52C5AB4E8A15FFEF29723F5F451A8AEAEAE37B22CEBF0E8809688322DA5ADAD6DDA830F3E38542FEFC20EA7F63FC48F428530DFE6D1012D11655ACEC30F3FFCA3279F7CF27C1D3479E8873FFCE1D63CCF2B1E15D01251A665757777F7F7F4F4242DF2AA55ABFE339C9277C4D3BB4704B444946959E572F9DE59B3669D4FF534767F7FFFFA7857A8F8CFE1D1002D11655ADE030F3C90CD9D3BF7F393274FD634C8274E9CD81862FC81A7AD414B4419AA542A9585DDDDDD9FD52ACC63410EA7E4C5A60F5A22CA709530CF9933E71F53FD54767CCA5A90414B4419AE238472666767E7704F4FCF99A97897F5E537759DF29435688928C39710DF74154ECDBB962C59F2C1C183072723CEC3F173C8F1634FF15DD6DED4055A22CA7073A7E6638F3EFAE8A1B7DF7EFBD44D5C2BFB64BC7466BC5257BC30483C1DFBD813688928C34D8A57D80A41ED0A41DD16023DB87CF9F27D6BD7AEDDD3DFDFFFFEE0E0E0D9B1FA5EBC7871F8F4E9D387E3FD90E3ED17E3DD9EC27FEFA3782DEB78E94C57EA022D116598DC93F337429C67875F5F8C4F43C7D786C32AAAD6B1B0DE8AF7438EB75F74B7271065518634C11E2A954AD34D02445994217D944F542A953B4D02445994217D940F6559F64D9300511665481FE5BDE572F93B2601A22CCA903ECADBF23CBFCF2440944519D247B927CBB2192601A22CCA903ECA6BC34939370910655186F4517E39AC6E9300511665482C1C929F0B6B914980288B32A43F29AF08EB099300511665487F525E9465D96A9300511665487F52EE0EEB259300511665481FE5727C07B64980288B322496E7F9FDF1B3CA2601A22CCA90FEA4DC16EF9D6C1220CAA20C89C5EB5E8728EF310910655186C4E21DA242940F9A0488B228436221C877C57B2A9B0488B2284362EDEDEDB787280F990488B228437AB786288FC65F8D0244599421B178522E954AD34D02445994217D944F542A953B4D02445994217D940FC577619B0488B22843FA28EF8D9F57360910655186F451DE96E7F97D2601A22CCA903ECA3D5996CD300910655186F4515E1B4ECAB94980288B32A48FF2CBF1BECA2601A22CCA905838243F17D6229300511665487F525E11D6132601A22CCA90FEA4BC28CBB2D52601A22CCA90FEA4DC1DD64B2601A22CCA903ECAE5F80E6C9300511665482CCFF3FBE367954D0244599421FD49B92DACAD2601A22CCA9058BCEE7588F21E9300511665482CDE212A44F9A04980288B322416827C57BCA7B24980288B3224D6DEDE7E7B88F2904980288B32A4776B88F268FCD52840944519128B27E552A934DD2440944519D247F944A552B9D32440944519D247F9507C17B64980288B32A48FF2DEF879659300511665481FE56D799EDF671220CAA20CE9A3DC9365D90C9300511665481FE5B5E1A49C9B0488B22843FA28BF1CEFAB6C1220CAA20C898543F273612D2A954A5F0F71FE469665DF8EBF9A0C688928C3142A97CBF7C65B35867520ACA3619D0AABB8CAFAAE69819688324CB110DC1D1384F8D20AA7E65E53022D1165A84D94DBAE15E5B0669A1268892843EDC2FCAB09827CB2ABABEB3613022D1165A891CECECEBB438047C64739CBB2F9A603A22CCA50FBD3F28A71511E0AA7E43B4C06445994A1C6E2D3D4D5EFBE0EA7E4E74D054459942191F874F558944BA5D23D2602A22CCA905008F2DB619D350910655186C4C209B93D44F98C4980288B32F5FBC35414D38E1C39B26ED7AE5D17366FDE5CF4F6F65A0DBEFAFAFA8AEDDBB79F0EABE2271C0D13651A480CF28E1D3B8A818181E2DCB9735693AC53A74E156FBEF9E6DF43A05D24050D13651A453C210B72D386F95C38391FF0538E8689320D223E652D60CDBB429447FC94A361A24C8388AF418A575347D99F5B344C9469B6287FF6E9C9E2C8EE35457FDF2F2EADF8D7F16BC227CA20CA06490DA33C3478BCD8FFC6CF8BBFFE69C91756FC5AFC9EF8893288B24152A3281FEBFFE315411E5B1FF5F7889F2883281B24B58AF281ADCF4C18E5F83DF11365106583A44651DEDFBB62C228C7EF899F2883281B24A26C89321A26CAB45694E3BBAD278A72FC9EF8893288B24152A3281FDEF9C284518EDF133F51065136486A14E54F8EBF5BECDFF4C4954F5D87AFC5EF899F2883281B24358A725C47F7BC7A4594E3D7844F9441940D925A46F9ECD9E2F09F5FBCF2A9EBF0B5F83DF11365106583A406518E57EC3AB4F35713BEA61CBFE7AA5EA20CA26C904C6594C309F8E4E12DC5BE8DCB260CF2D88A7F4FFC7B9D9A451944D92099E4285FEF74ECD42CCAA025A24C8DA2FC654EC7D73A358BA12883281B249314E59B0DF2D8124351065136482629CA962883968832A26C8932A26C43A22CCA962883968832A26C8932A26C430689288B3268892823CA962823CA36649088B22883288B32A26C893288B24122CAA20C1A26CA88B225CA20CA0689285BA28C868932A26C893288B24122CA9628A361A28C285BA20CA26C9088B225CA68982823CA9628839688329369F3E6CDE2D5BC6B384479C44F391A26CA3488EDDBB79F1C181810B0265CC78F1FFF5D88F2013FE5689828D320B66CD9F2FD6DDBB67DFAF1C71F9F11B2E63921C720F7F5F57D10D64C3FE5689828D340C2BFB8678413D5EEF854677C0DB29957474747D1EC7BBCFC381E1064344C94A1AEC5289B0288B228832803A26C9020CA20CAA20CA20C88B241822883868932883220CA0609A20C1A26CA20CA80281B2488326898288328035A22CA20CAA061A20CA20C68892883288386D9902823CA80968832883288B20D8932A20C68892883288328DB902823CA80968832883288B20D8932A20C68892883288328DB904122CA80288B32883288B20D1924883288B228832803A26C9020CAA061A20CA20C88B241822883868932883220CA0609A20C1A26CA20CA80281B2488326898288328035A22CA20CAA0613624CA8832A025A20CA20C1A6643A28C28035A22CA20CA20CA3624CA8832A025A20CA20CA26C43A28C28035A22CA20CA20CA3664908832A025A20CA20CA26C430609A20CA22CCA20CA80281B248832689828832803A26C9020CAA061A20CF516E09E18E1EBACDD26055A22CA30F551FE6E5823D78A729665334C0AB44494A136617EFD1A517EABADAD6D9A2981968832D4EEB47CD528E779FE0313022D1165A86D98AFF6DAF26EA764D012518634A7E511AF2583288B32D48110E13F382583288B32D44794BF57F55AF2BF9B0888B228434263AF2D3B2583288B32A48FF2775DD10B445994A9DF1FA6A29876E4C89175BB76EDBAB079F3E6A2B7B7D76AF0D5D7D7576CDFBEFD7458153FE1689828D340629077ECD8510C0C0C14E7CE9DB39A649D3A75AA78F3CD37FF1E023DD34F391A26CA3488784216E4A60DF3B970723EE0A71C0D13651A447CCA5AC09A7785288FF82947C3449906115F8314AFA68EB23FB7689828D36C51FEECD393C591DD6B8AFEBE5F5C5AF1AFE3D7844F9441940D921A467968F078B1FF8D9F177FFDD3922FACF8B5F83DF11365106583A446513ED6FFC72B823CB63EEAEF113F51065136486A15E5035B9F9930CAF17BE227CA20CA06498DA2BCBF77C584518EDF133F510651364844D91265344C9469AD28C7775B4F14E5F83DF11365106583A446513EBCF38509A31CBF277EA20CA26C90D428CA9F1C7FB7D8BFE9892B9FBA0E5F8BDF133F51065136486A14E5B88EEE79F58A28C7AF099F2883281B24B58CF2D9B3C5E13FBF78E553D7E16BF17BE227CA20CA06490DA21CAFD87568E7AF267C4D397ECF55BD441944D92099CA288713F0C9C35B8A7D1B974D18E4B115FF9EF8F73A358B3288B24132C951BEDEE9D8A95994414B44991A45F9CB9C8EAF756A164351065136482629CA371BE4B12586A20CA26C904C52942D51062D116544D9126544D9864459942D51062D116544D9126544D9860C12511665D0125146942D5146946DC8201165510651166544D9126510658344944519344C9411654B9441940D1251B644190D136544D9126510658344942D5146C3441951B6441944D92011654B94D1305146942D51062D116526D3E6CD9BC5AB79D77088F2889F72344C946910DBB76F3F39303020604DB88E1F3FFEBB10E5037ECAD13051A6416CD9B2E5FBDBB66DFBF4E38F3F3ED3EC913A7BF66CCB9C906390FBFAFA3E086BA69F72344C946920E15FDC33C2896A777CAA33BE06D98C6BD3A64D45B95CBEF46BB3EEB16AC5C7F18020A361A20C75A9BDBDFDF68E8E8E219300511665482C04F9AEB04E980488B228436259967D3344F9A04980288B3224562E97BF13A2BCC72440944519120B416E0B6BAB4980288B322496E7F9FD21CA3D2601A22CCA90FEA45C0E6BAD4980288B32A48F7277582F990488B2284362799E2FCAB26CB54980288B32A43F29AF08EB099300511665487F527E2E9E964D0244599421FD49F9E5F8BAB24980288B32A48FF2DA7052CE4D02445994217D947BB22C9B611220CAA20CE9A3BC2D1C94EF330910655186F451DE1BAF7F6D1220CAA20CE9A37C28DE29CA2440944519D247F944A552B9D32440944519D24779A8542A4D370910655186B46E0D511E8DBF1A0588B2284342EDEDEDB7C793B24980288B322416827C577C4DD92440944519128BEFBA0E513E681220CAA20C89C5CF278728EF310910655186C44290DBC2DA6A1220CAA20C89E5797E7FBCF6B54980288B32A43F2997E35DA24C02445994217D94BBC37AC9244094451912CBF37C519665AB4D0244599421FD497945584F980488B22843FA93F273F1B46C1220CAA20CE94FCA2FC7D7954D02445994217D94D78693726E1220CAA20CE9A3DC9365D90C9300511665481FE56DE1A07C9F4980288B32A48FF2DE78FD6B9300511665481FE543F14E512601A22CCA903ECA272A95CA9D2601A22CCA903ECA43A55269BA4980288B32A4756B88F268FCD52840944519126A6F6FBF3D9E944D0244599421B110E4BBE26BCA2601A22CCA90587CD77588F2419300511665482C7E3E3944798F4980288B32241682DC16D6569300511665482CCFF3FBE3B5AF4D0244599421FD49B91CEF12651220CAA20CE9A3DC1DD64B2601A22CCA50439D9D9D7797CBE57B4384BF11575B5BDBB43CCF176559B6DA74409445196A2804F85B21C6236115E3D67058472FAF1D21D2DF332D106551862916A2BBEE2A51AE5E87E309DAA440944519A6FEB4FC836B45397EDF94409445196A775ADE374194D7990E88B228436DA3DC7595208F6459F66DD301511665A8A178EFE410E153D5510E417EDE64409445191208115E5A15E5CFE3C7A54C05445994218118E1B18F4785403F632220CAA20C098520FF36043986F95F4C03445994A176A7E2C521C0BF0EBFEEBE7C9190E1AAD7933F0AEB9DF0D72FE6795EF1543688B228C3240A71FD5A08EDFCF0EBFEB046AF73C1902B568C74F8EF3D12DF14669AA025A20C37E1F23BAB5784A07E76A3219E600D85B5AAABABEB0ED3052D1165F8F2A7E34A58C7C78775D6AC59C5534F3D55AC5FBFBEE8EFEF2F0606068AD1D1D162CCE0E06071E8D0A162E3C68DC5CA952B2FFDFD578973FC08559729839688325C43BC56757C3D787C48172E5C58F4F6F6169F7FFE797123CE9F3F5FECD8B1A358B264C9D5E2BCC6A919B44494E12A4AA5D2D7C3E9785775381F79E4914B51AD3E0DDFAC5DBB76150B162C181FE67DE1F7BDC7F4414B4419BE18E4F7AB83B966CD9A627878B8984C31EEBFF9CD6FC687F9A83083968832DCF2CFA7ACFF672C929D9D9D979EAA9E4AF17F7FDCEBCDFBBC3B1BB444946979D5AF21C720C7A7AB6B213E9D1D7F3F7796022D1165B8E5FFDF655DFD54F2549F90AF76621E770FE6D91E15D01251A6E5C4A78BAB3FF6145F434EE1B5D75EAB0EF3494F638396DCEC86E2F747AFB10C92BA152F0C52FD2EEBC97E53D78DBCF92BFEFE55615EE1D10151BE990D8DDEE4F74499A4E2A533ABAFD4B573E7CE22A5F8FA72D5653907E33F9F47094459946909F15AD6D51706998CCF217F558F3DF698D33288B228D39227E5FD6301DCB2654B510FE2BBBEABA27CD8A304A22CCA34BD783BC5B1BB3DC5CF0ADFE8A533A74ABC2467F56797CBE5F2BD1E2D10E51B8DF244EBBC41528FE2FD90C7C2176F2E514F9E7DF6D9EAD796977AB44094EB6143A2CC9409B1FBF558F87A7A7AEA2ACAF1EE52554F61FFD6A3055A22CA34FB4979F758F8E2ED17EB49BCED63D549F91D8F1668C98D6CC8E79469C4281F1D0B5FBC1F723D89F763AEBEEFB2470B44F94636E48D5E34629487C7C2570F1F851AAFFAB29B1E2D106551A6D9A3FCCFE8D52351065116659C94EB2FCA231E2D106551A6D9A3DC28AF291FF3688128DF68947D4E99468BB2775F8328DB90285327515ED5209F537ED1A3055A22CA347B946736C215BDF23CAF78B4404B6E64433EA74CC329954A5F8F6FA2AAC76B5F572A958B63518ED7E8F6688128DFC886BCD18B463D2DBF55CF7789F27A3288B228D34A519E3716C0254B96D445941F7DF4D10B554F5D3FE251025116655A425757D76DE1343A3816C19D3B77260DF2AE5DBBAADFE035542A95A67B944094459996114EA32BC742386FDEBC627878384990E3054C7EF2939F5CA88AF22A8F0E88F2CD46D9E7946948F1341A2FD03116C3356BD62489F26BAFBDF6859B508453FC1D1E1D10E57ADA902853ABD372A5FA5AD3BDBDBD350D72FCFDAA7FFFB0BA3C2AA025A24CCBCAB2ECD7551F43AAD9EBCBF175E4F0FB8D5605798D4703B4E4AB6CC8E7946978979FC6DE571DE6A93E31C7FFFD7141DEE7696B10E5AFBA216FF4A229C40B7554DFA862EC35E678418FC97E53D7B8D790E33A1AFE8FC13D1E0510655186AA30C78B76540733BE2B3B3ECD3C594F57FFF4A73FBD302EC8FB0419445994E12ADADADAA6E579FE5FE3C279E90223F1CA5F37FAB1A978D28EAF51575F18A4FA35644F5983288B325CC7E577651F1B1FD278ADEC78138B7877A978DBC7783FE6F89474F5FD90E3ED17E3DD9EE2CD25AAAF655DFDB127EFB206519EAA28FB9C324D295EF52BC47345F595BFBEE21A8A1706713A06516EB40D8932F514E73B4298975E7E87F6C88DC638BE4E1DAF65EDD299A025A20C932804F6DB31B0973FDBBCFBF253D163018EC13E76F9CD622FC6A7C0DD7E114459940140940D1200511665001065830440C344190044D92001D03051060051364800344C9401404B4419000D136500D012510640C36C489401D012510640946D489401D012510640946D489401D012510640946D489401D012510640946DC820011065510640946DC82001106551060051364800344C940140940D12000D1365001065830440C344190044D92001D0305106002D11650034CC864419002D11650034CC864419002D11650044D9864419002D11650044D9864419002D11650044D9860C12002D11650044D9860C1200511665001065830440C344190044D92001D03051060051364800344C940140940D12000D136500D012510640C36C489401D012510640C36C489401D012510640946D489401D012510640946D489401D012510640946DC82001D012510640946DC82001106551060051364800344C940140940D12000D1365001065830440C344190044D92001D0305106002D11650034CC864419002D11650034CC864419002D11650044D9864419002D11650044D9864419002D11650044D9860C12002D11650044D9860C12005116650010658304409445190044D92001D03051060051364800344C940140940D12000D136500D012510640C3441900B4449401D0301B126500B444940110651B126500B444940110651B126500B444940110651B126500B444940110651B3248004459940110651B3248004459940140940D12000D1365001065830440C344190044D92001D03051060051364800344C9401404B4419000DB3215106404B4419000DB3215106404B44190051B6215106404B44190051B6215106404B44190051B6218304404B44190051B6218304409445190044D92001D03051060051364800344C940140940D12000D1365001065830440C3441900B4449401D0301B126500B4449401D0301B126500B444940110651B126500B444940110651B126500B444940110651B324800B444940110651B3248004459940140940D12000D1365001065830440C344190044D92001D03051060051364800344C9401404B4419000DB3215106404B4419000DB3215106404B44190051B6215106404B44190051B6215106404B44190051B6218304404B44190051B6218304409445190044D92001106551060051364800344C940140940D12000D1365001065830440C3441900B4449401D0305106002D11650034CC864419002D11650044D9864419002D11650044D9864419002D11650044D9864419002D11650044D9860C12005116650044D9860C1200511665001065830440C344190044D92001D03051060051364800344C940140940D12000D136500D012510640C36C489401D012510640C36C489401D012510640946D489401D012510640946D489401D012510640946DC82001D012510640946DC82001106551060051364800344C940140940D12000D1365001065830440C344190044D92001D0305106002D11650034CC864419002D11650034CC864419002D11650044D9864419002D11650044D9864419002D11650044D9860C12002D11650044D9860C1200511665001065830440C344190044D92001D03051060051364800344C940140940D12000D136500D012510640C36C489401D012510640C36C489401D012510640946D489401D012510640946D489401D012510640946DC82001D012510640946DC820011065510600513648004459940140940D12000D1365001065830440C344190044D92001D0305106002D116500344C9401404B4419000DB3215106404B44190051B6215106404B44190051B6215106404B44190051B6215106404B44190051B6218304409445190051B6218304409445190044D92001D03051060051364800344C940140940D12000D1365001065830440C3441900B4449401D0301B126500B4449401D0301B126500B444940110651B126500B444940110651B126500B444940110651B324800B444940110651B3248004459940140940D12000D1365001065830440C344190044D92001D03051060051364800344C9401404B4419000DB3215106404B4419000DB3215106404B44190051B6215106404B44190051B6215106404B44190051B6218304404B44190051B6218304409445190044D92001D03051060051364800344C940140940D12000D1365001065830440C3441900B4449401D0B03ADB906559966535EA02000000000000000000000000000000009AD5FF0109159608E12CE03F0000000049454E44AE426082, '1');
INSERT INTO `act_ge_bytearray` VALUES ('340006', '1', 'D3CA826A-0741-4F92-B09E-EB4711585D2FProcess.bpmn', '340005', 0x3C3F786D6C2076657273696F6E3D22312E302220656E636F64696E673D225554462D38223F3E0A3C646566696E6974696F6E7320786D6C6E733D22687474703A2F2F7777772E6F6D672E6F72672F737065632F42504D4E2F32303130303532342F4D4F44454C2220786D6C6E733A62706D6E64693D22687474703A2F2F7777772E6F6D672E6F72672F737065632F42504D4E2F32303130303532342F44492220786D6C6E733A6F6D6764633D22687474703A2F2F7777772E6F6D672E6F72672F737065632F44442F32303130303532342F44432220786D6C6E733A6F6D6764693D22687474703A2F2F7777772E6F6D672E6F72672F737065632F44442F32303130303532342F44492220786D6C6E733A7873693D22687474703A2F2F7777772E77332E6F72672F323030312F584D4C536368656D612D696E7374616E63652220786D6C6E733A61637469766974693D22687474703A2F2F61637469766974692E6F72672F62706D6E22207461726765744E616D6573706163653D22687474703A2F2F61637469766974692E6F72672F62706D6E323022207873693A736368656D614C6F636174696F6E3D22687474703A2F2F7777772E6F6D672E6F72672F737065632F42504D4E2F32303130303532342F4D4F44454C20687474703A2F2F7777772E6F6D672E6F72672F737065632F42504D4E2F322E302F32303130303530312F42504D4E32302E787364223E0A20203C636F6C6C61626F726174696F6E2069643D227369642D63306537343566662D333631652D346166622D386338642D326131666333326231343234223E0A202020203C7061727469636970616E742069643D227369642D38374634433144362D323545312D344134352D394441372D41443934353939334430364622206E616D653D22E8AFB7E58187E6B581E7A88B222070726F636573735265663D227369642D36333441364146452D333043332D453832462D344246462D33443545324341393046433522202F3E0A20203C2F636F6C6C61626F726174696F6E3E0A20203C70726F636573732069643D227369642D36333441364146452D333043332D453832462D344246462D33443545324341393046433522206E616D653D22E6B581E7A88BE8AEBEE8AEA1223E0A202020203C657874656E73696F6E456C656D656E7473202F3E0A202020203C6C616E655365742069643D227369642D62313637643064372D653736312D343633362D393230302D373662376630653865383361223E0A2020202020203C6C616E652069643D227369642D35374534464530442D313845342D343738442D424335442D423135313634453933323534223E0A20202020202020203C666C6F774E6F64655265663E73746172746576656E74313C2F666C6F774E6F64655265663E0A20202020202020203C666C6F774E6F64655265663E757365727461736B317369642D36333441364146452D333043332D453832462D344246462D3344354532434139304643353C2F666C6F774E6F64655265663E0A20202020202020203C666C6F774E6F64655265663E757365727461736B327369642D36333441364146452D333043332D453832462D344246462D3344354532434139304643353C2F666C6F774E6F64655265663E0A20202020202020203C666C6F774E6F64655265663E656E646576656E74303C2F666C6F774E6F64655265663E0A2020202020203C2F6C616E653E0A202020203C2F6C616E655365743E0A202020203C73746172744576656E742069643D2273746172746576656E743122206E616D653D22E5BC80E5A78BE88A82E782B9222061637469766974693A696E69746961746F723D22696E69746961746F7222202F3E0A202020203C757365725461736B2069643D22757365727461736B317369642D36333441364146452D333043332D453832462D344246462D33443545324341393046433522206E616D653D22E4B8BBE7AEA1E5AEA1E689B9222061637469766974693A61737369676E65653D2263657368693122202F3E0A202020203C757365725461736B2069643D22757365727461736B327369642D36333441364146452D333043332D453832462D344246462D33443545324341393046433522206E616D653D22E680BBE7BB8FE79086E5AEA1E689B9222061637469766974693A61737369676E65653D2263657368693122202F3E0A202020203C656E644576656E742069643D22656E646576656E743022206E616D653D22E7BB93E69D9FE88A82E782B922202F3E0A202020203C73657175656E6365466C6F772069643D22666C6F773122206E616D653D222220736F757263655265663D2273746172746576656E743122207461726765745265663D22757365727461736B317369642D36333441364146452D333043332D453832462D344246462D33443545324341393046433522202F3E0A202020203C73657175656E6365466C6F772069643D22666C6F773222206E616D653D222220736F757263655265663D22757365727461736B317369642D36333441364146452D333043332D453832462D344246462D33443545324341393046433522207461726765745265663D22757365727461736B327369642D36333441364146452D333043332D453832462D344246462D33443545324341393046433522202F3E0A202020203C73657175656E6365466C6F772069643D22666C6F773022206E616D653D222220736F757263655265663D22757365727461736B327369642D36333441364146452D333043332D453832462D344246462D33443545324341393046433522207461726765745265663D22656E646576656E743022202F3E0A20203C2F70726F636573733E0A20203C62706D6E64693A42504D4E4469616772616D2069643D227369642D37343632303831322D393263342D343465352D393439632D616134373339336433383330223E0A202020203C62706D6E64693A42504D4E506C616E652069643D227369642D63646361653735392D326166372D346136642D626430322D353366333335326137333164222062706D6E456C656D656E743D227369642D63306537343566662D333631652D346166622D386338642D326131666333326231343234223E0A2020202020203C62706D6E64693A42504D4E53686170652069643D227369642D38374634433144362D323545312D344134352D394441372D4144393435393933443036465F677569222062706D6E456C656D656E743D227369642D38374634433144362D323545312D344134352D394441372D41443934353939334430364622206973486F72697A6F6E74616C3D2274727565223E0A20202020202020203C6F6D6764633A426F756E647320783D2235302220793D223737222077696474683D2234333322206865696768743D2237303022202F3E0A20202020202020203C62706D6E64693A42504D4E4C6162656C206C6162656C5374796C653D227369642D38346362343966642D326637632D343466622D383935302D383363336661313533643362223E0A202020202020202020203C6F6D6764633A426F756E647320783D2234372E34393939393939393939393939392220793D223137302E3432383537333630383339383434222077696474683D2231322E30303030303030303030303030313422206865696768743D2235392E31343238353237383332303331323522202F3E0A20202020202020203C2F62706D6E64693A42504D4E4C6162656C3E0A2020202020203C2F62706D6E64693A42504D4E53686170653E0A2020202020203C62706D6E64693A42504D4E53686170652069643D2242504D4E53686170655F73746172746576656E7431222062706D6E456C656D656E743D2273746172746576656E7431223E0A20202020202020203C6F6D6764633A426F756E647320783D223233322220793D22313032222077696474683D22343022206865696768743D22343022202F3E0A20202020202020203C62706D6E64693A42504D4E4C6162656C3E0A202020202020202020203C6F6D6764633A426F756E647320783D223230372220793D22313432222077696474683D22393022206865696768743D22323022202F3E0A20202020202020203C2F62706D6E64693A42504D4E4C6162656C3E0A2020202020203C2F62706D6E64693A42504D4E53686170653E0A2020202020203C62706D6E64693A42504D4E456467652069643D2242504D4E456467655F666C6F7731222062706D6E456C656D656E743D22666C6F7731223E0A20202020202020203C6F6D6764693A776179706F696E74207873693A747970653D226F6D6764633A506F696E742220783D223235322220793D2231343222202F3E0A20202020202020203C6F6D6764693A776179706F696E74207873693A747970653D226F6D6764633A506F696E742220783D223235322220793D2232303222202F3E0A20202020202020203C62706D6E64693A42504D4E4C6162656C3E0A202020202020202020203C6F6D6764633A426F756E647320783D223230372220793D22313632222077696474683D22393022206865696768743D22323022202F3E0A20202020202020203C2F62706D6E64693A42504D4E4C6162656C3E0A2020202020203C2F62706D6E64693A42504D4E456467653E0A2020202020203C62706D6E64693A42504D4E53686170652069643D2242504D4E53686170655F757365727461736B317369642D36333441364146452D333043332D453832462D344246462D334435453243413930464335222062706D6E456C656D656E743D22757365727461736B317369642D36333441364146452D333043332D453832462D344246462D334435453243413930464335223E0A20202020202020203C6F6D6764633A426F756E647320783D223139372220793D22323032222077696474683D2231323022206865696768743D22343022202F3E0A2020202020203C2F62706D6E64693A42504D4E53686170653E0A2020202020203C62706D6E64693A42504D4E456467652069643D2242504D4E456467655F666C6F7732222062706D6E456C656D656E743D22666C6F7732223E0A20202020202020203C6F6D6764693A776179706F696E74207873693A747970653D226F6D6764633A506F696E742220783D223235322220793D2232343222202F3E0A20202020202020203C6F6D6764693A776179706F696E74207873693A747970653D226F6D6764633A506F696E742220783D223235322220793D2233303222202F3E0A20202020202020203C62706D6E64693A42504D4E4C6162656C3E0A202020202020202020203C6F6D6764633A426F756E647320783D223230372220793D22323632222077696474683D22393022206865696768743D22323022202F3E0A20202020202020203C2F62706D6E64693A42504D4E4C6162656C3E0A2020202020203C2F62706D6E64693A42504D4E456467653E0A2020202020203C62706D6E64693A42504D4E53686170652069643D2242504D4E53686170655F757365727461736B327369642D36333441364146452D333043332D453832462D344246462D334435453243413930464335222062706D6E456C656D656E743D22757365727461736B327369642D36333441364146452D333043332D453832462D344246462D334435453243413930464335223E0A20202020202020203C6F6D6764633A426F756E647320783D223139372220793D22333032222077696474683D2231323022206865696768743D22343022202F3E0A2020202020203C2F62706D6E64693A42504D4E53686170653E0A2020202020203C62706D6E64693A42504D4E53686170652069643D2242504D4E53686170655F656E646576656E7430222062706D6E456C656D656E743D22656E646576656E7430223E0A20202020202020203C6F6D6764633A426F756E647320783D223233322220793D22343032222077696474683D22343022206865696768743D22343022202F3E0A20202020202020203C62706D6E64693A42504D4E4C6162656C3E0A202020202020202020203C6F6D6764633A426F756E647320783D223230372220793D22343432222077696474683D22393022206865696768743D22323022202F3E0A20202020202020203C2F62706D6E64693A42504D4E4C6162656C3E0A2020202020203C2F62706D6E64693A42504D4E53686170653E0A2020202020203C62706D6E64693A42504D4E456467652069643D2242504D4E456467655F666C6F7730222062706D6E456C656D656E743D22666C6F7730223E0A20202020202020203C6F6D6764693A776179706F696E74207873693A747970653D226F6D6764633A506F696E742220783D223235322220793D2233343222202F3E0A20202020202020203C6F6D6764693A776179706F696E74207873693A747970653D226F6D6764633A506F696E742220783D223235322220793D2234303222202F3E0A20202020202020203C62706D6E64693A42504D4E4C6162656C3E0A202020202020202020203C6F6D6764633A426F756E647320783D223230372220793D22333632222077696474683D22393022206865696768743D22323022202F3E0A20202020202020203C2F62706D6E64693A42504D4E4C6162656C3E0A2020202020203C2F62706D6E64693A42504D4E456467653E0A2020202020203C62706D6E64693A42504D4E53686170652069643D227369642D35374534464530442D313845342D343738442D424335442D4231353136344539333235345F677569222062706D6E456C656D656E743D227369642D35374534464530442D313845342D343738442D424335442D42313531363445393332353422206973486F72697A6F6E74616C3D2274727565223E0A20202020202020203C6F6D6764633A426F756E647320783D2238302220793D223737222077696474683D2234303322206865696768743D2237303022202F3E0A2020202020203C2F62706D6E64693A42504D4E53686170653E0A202020203C2F62706D6E64693A42504D4E506C616E653E0A202020203C62706D6E64693A42504D4E4C6162656C5374796C652069643D227369642D65303530326433322D663864312D343163662D396334612D636262343966656366353831223E0A2020202020203C6F6D6764633A466F6E74206E616D653D22417269616C222073697A653D22313122206973426F6C643D2266616C7365222069734974616C69633D2266616C736522206973556E6465726C696E653D2266616C736522206973537472696B655468726F7567683D2266616C736522202F3E0A202020203C2F62706D6E64693A42504D4E4C6162656C5374796C653E0A202020203C62706D6E64693A42504D4E4C6162656C5374796C652069643D227369642D38346362343966642D326637632D343466622D383935302D383363336661313533643362223E0A2020202020203C6F6D6764633A466F6E74206E616D653D22417269616C222073697A653D22313222206973426F6C643D2266616C7365222069734974616C69633D2266616C736522206973556E6465726C696E653D2266616C736522206973537472696B655468726F7567683D2266616C736522202F3E0A202020203C2F62706D6E64693A42504D4E4C6162656C5374796C653E0A20203C2F62706D6E64693A42504D4E4469616772616D3E0A3C2F646566696E6974696F6E733E0A, '0');
INSERT INTO `act_ge_bytearray` VALUES ('340007', '1', 'D3CA826A-0741-4F92-B09E-EB4711585D2FProcess.sid-634A6AFE-30C3-E82F-4BFF-3D5E2CA90FC5.png', '340005', 0x89504E470D0A1A0A0000000D49484452000001ED0000031308060000008CB34FBB00001F524944415478DAEDDD4F8C95E5BDC0F19AB07081898B2EAAF1264DAE69BBE8C2A45D74E72CEF02A75D70F2CE7BE660A711066AC05A0694828DA446A982D7454D8CF626586BB8CD254D4927456486E1DFA58E05622A4C0883051581EB8019DB51069881F73E0F9973EFE9C080E0FC79CEE1F3499E606768F1F99DD16F9FF3E77DBFF215000000000000000000000000000000000000000000000000000000000000000000000000000000000000000000000000000000000000000000000000000000000000000000000000000000000000000000000000000000000000000000000000000000000000000000000000000000000000000000000000000000000000000000000000000000000000000000000000000000925758966559561DAF5B2EDAB7D29F0B8086D9B04103A025A20D005A22DA0068980D1B34005A22DA0020DA060D8086D9B04103A025A20D8068DBB04103A061362CDA0068896803A061366CD0006898680380968836001A66C3060D80688B360068896803A061366CD0006889680380968836001A66C3060D809688360088B64103A061366CD0A4FE0F4251CCDABC79F3DCD75E7BED8FEBD6AD3BB272E5CAB3F3E7CFBFD4D2D252C4D5DADA5A2C5AB468A4A3A3E3CC9A356BDE7AFAE9A7FFFD89279EF8579303D1166D98267BF7EEFDE6ABAFBEBA79D5AA55E7162C5850BCF0C20BC5962D5B8AFEFEFE627070B0A815FF73FC7A4F4F4FF1E28B2F160B172EBCB874E9D20F1F7FFCF1256D6D6DB79B26688968C3D49CACBFBA71E3C637162F5E7CF1B9E79E2BF6EFDF5F8C8E8E1637EADD77DF2DD6AE5D3BFAD0430F7D164EE10F373535CD325DD012D18649F2C61B6F3CB262C58A91952B575E3E394F86BFFDED6FC533CF3C331A4EDF87CAE5F27DA60C5A22DAF0E54ED7B33A3B3BDF6C6B6B2B366DDA745327EBEB894FAD3FF8E083E77F149838688968C34D06FBD5575F3DB064C992493B5D4FE4C30F3F2C162C587036747B95C983968836DC44B0972E5D5A7CF2C927C574887FCEC2850B3F0FA7EE151E01D012D1862F283E251E4FD8D315ECDA70B7B7B70FE5795EF128809688365C477CD3597C0D7BAA9F12BFD653E5F3E6CDFB8737A7819688365CEB87AC28BE1ADF251EDF743693366FDE7C2E84FB2F3E0E065A22DA3081F839ECF8B1AEA97897F88D0AFFE7E17896652D1E15D012D18671E295CE7EFCE31F5F9AA9A7C5C77BEFBDF7CE572A95F74BA5D26C8F0E688968438D7869D278A5B394FCEC673F3BD2D2D2B2C8A3035A22DA50FDE12A8A59F15AE2F1D2A42979E79D773E2997CB3B3D42A025A20D63E2DDBAE2CD3F52782D7BBCD6D6D64FF33CFF964709B444B42188B7D78C77EB4AD1134F3CF1D72CCB167B94404B441B82783FEC780DF014FDFEF7BFFF4B4B4BCB7A8F1268896843B072E5CAB3A9BC6B7CBCBEBEBEF743B4DFF2288196883604F3E7CFBF3438389864B4C3DFD7B910EDD31E25D012D1862044B14859FCFBF32881968836883668980D1B34F563DEBC7929377B38447BC4A3045A22DA103CFCF0C317527D4DFBCC9933F1AA68C73D4AA025A20DC1B265CB06527DF7F8BE7DFBB67AF738688968C398679F7D764FAA9FD38E177EF1396DD012D186314F3DF5D433A95E116DF1E2C55B5D110DB444B461CC92254BEE696F6F1F4DF0DAE3A7F23CFF9FD6D6D67B3C4AA025A20D63962D5BF65E6A77F9EAEEEEFEAF969696ED1E1DD012D1861A1D1D1D0FFFF297BF1C49E9A35E6D6D6D6F6659D6E2D1012D116DA8D1D4D434EBA1871E1A4AE55DE4E1D4FF87F851AF10EEDB3D3AA025A20DE33CF2C8233F7AEAA9A72E24D0ECA11FFEF087DBF33CAF7854404B441B26D0DEDEDED7D9D939A3C55EBB76ED7F8453F6EE78FAF788809688364CA05C2EDF376FDEBC0B33F534795F5FDFA67857AFF8F7E1D1002D116DB88E071F7C305BB870E1E7A74E9D9AD6609F3C79724B88F5079E16072D116DB801954A65697B7BFB67D315EE6AB0C3297B99E983968836DC44B8172C58F08FA97EAA3C3E252ED8A025A20D5F5208E9DCD6D6D6E1CECECEB353F12EF1B1379D9DF69438688968C324886F0A0BA7EEDEE5CB977F70F8F0E1C988F770FC1C76FC58577C97B8379D819688364CCDA9FBF8638F3DD6FFF6DB6F9FBE896B959F8A97268D573A8B174E89A76B1FEB022D116D9822F10A6521B86D21B83B42C00757AD5A7560C3860DFBFAFAFADE1F1C1C3C57ADF3A54B9786CF9C397324DE0F3BDE5E33DEAD2BFCF73E8AD7128F972675A533D012D186E93D797F3DC47B7EF8F5A5F834777C6D3AACA2661D0FEBAD783FEC787B4D77EB02D1166D4833E843A55269B64980868936A41FED93954AE52E93000D136D483FDAFD59967DC32440C3441BD28FF6FE72B9FC1D93000D136D483FDA3BF23CBFDF2440C3441BD28F76679665734C02344CB421FD686F0827EDDC2440C3441BD28FF62B61B59B0468986843E2C221FBF9B03A4C02344CB421FD93F6EAB09E3409D030D186F44FDA1D5996AD3309D030D186F44FDAED61BD6C12A061A20DE947BB1CDF416E12A061A20D89CBF3FC81F8596D93000D136D48FFA4DD14EF9D6D12A061A20D898BD71D0FD1DE6712A061A20D898B77F80AD13E6C12A061A20D890BC1BE3BDE53DB2440C3441B12D7DCDC7C4788F6904980868936A4EFB610EDD1F8AB5180688B36242E9EB44BA5D26C9300D1166D483FDA272B95CA5D2601A22DDA907EB4FBE3BBC84D02445BB421FD68EF8F9FD73609106DD186F4A3BD23CFF3FB4D02445BB421FD6877665936C72440B4451BD28FF68670D2CE4D02445BB421FD68BF12EFAB6D1220DAA20D890B87ECE7C3EA3009106DD186F44FDAABC37AD22440B4451BD23F69776459B6CE2440B4451BD23F69B787F5B24980688B36A41FED727C07B94980688B36242ECFF307E267B54D02445BB421FD93765358DB4D02445BB42171F1BAE321DAFB4C02445BB42171F10E5F21DA874D02445BB4217121D877C77B6A9B0488B66843E29A9B9BEF08D11E3209106DD186F4DD16A23D1A7F350A106DD186C4C59376A9549A6D1220DAA20DE947FB64A552B9CB2440B4451BD28F767F7C17B94980688B36A41FEDFDF1F3DA2601A22DDA907EB477E4797EBF4980688B36A41FEDCE2CCBE6980488B66843FAD1DE104EDAB94980688B36A41FED57E27DB54D02445BB42171E190FD7C581DA552E96B21DE5FCFB2ECDBF15793012D116D9841E572F9BE782BCEB00E85752CACD361155759DF352DD012D186191682BC7B82505F5EE1D4DD654A20DAA20D6944BBE95AD10E6BAE2981688B36A413EE5F4D10EC536D6D6DB79B1088B66843225A5B5BEF09811E191FED2CCB169B0E88B668437AA7EDD5E3A23D144ED9779A0C88B6684362E2D3E0B5EF1E0FA7EC174C05445BB42151F1E9F06AB44BA5D2BD2602A22DDA90B010ECB7C33A671220DAA20D890B27ECE610EDB32601A22DDAD4EF0F5251CC3A7AF4E8C6DEDEDE8BDBB66D2BBABABAAC3A5FDDDDDDC5AE5DBBCE8455F1138E8689360D24067BF7EEDDC5C0C04071FEFC79AB41D6E9D3A78B9D3B77FE3D04DC4564D030D1A651C413B660376CB8CF8793F7213FE5689868D320E253E202D7B82B447BC44F391A26DA3488F81AA8B83574B4FD338B868936B75AB43FFBF4547174EFFAA2AFFB179757FCEBF83561146DD012D126A1680F0D9E280EBEF9F3E2AF7F5AFE4F2B7E2D7E4F1C451BB444B44924DAC7FBFE7845B0ABEBA3BE4E71146DD012D12695681FDAFEEC84D18EDF1347D1062D116D1289F6C1AED513463B7E4F1C451BB444B4116D4BB4D1301B36686E24DAF1DDE213453B7E4F1C451BB444B44924DA47F6BC3861B4E3F7C451B4414B449B44A2FDC989778B835B9FBCF2A9F1F0B5F83D71146DD012D1269168C7756CDF6B57443B7E4D18451BB444B44929DAE7CE1547FEFCD2954F8D87AFC5EF89A3688396883609443B5EF1AC7FCFAF267C4D3B7ECF55D1441BB444B499C9688713F4A9233DC5812D2B270C7675C5DF137FAF53B76883968836D31CEDEB9DAE9DBA451BB444B44924DA5FE4747DAD53B7588A36688968334DD1BED9605797588A36688968334DD1B6441BB444B4116D4BB441B40D1AD1B6441B0DB361D1166D4BB4414B441BD1B6441BD1B6618346B42DD146C36C58B445DB126DD012D146B42DD146C36CD8A0116DD1060D136D44DB126DD012D146B42DD146C36CD8A0116DD106D1166D44DB126DD012D146B42DD146C36CD8A0455BDC441BB444B4116D4BB4414B449BC9B26DDB36716BDC351CA23DE2A71C0D136D1AC4AE5DBB4E0D0C0C085C03AE13274EFC2E44FB909F72344CB469103D3D3DDFDFB163C7A71F7FFCF159A16B9C13760C767777F70761CDF5538E8689360D24FC8B7D4E3891ED8D4FA5C6D7401B79B5B4B4148DBEC7B1C7F19060A361362CDAD4B5186D5300D1166D106D404B441B441B34CC860D1AD106B444B441B4012D116D106DD0301B3668441BD012D106D10644DBA041B441C36CD8A0116D404B441B441B44DB860D1A441B34CC86451BD106B444B441B441C36CD8A041B441C3441B441BD012D106D1060DB3618346B4FD0C83688B368836A025A20DA20D1A66C3068D68035A22DA20DA80968836883668980D1B34A20D688968836803A26DD020DAA061366CD08836A025A20DA20DA26DC3060DA20D1A66C3A28D68035A22DA20DAA061366CD020DAA061A20DA20D68896883688386D9B04123DAA20DA22DDA20DA80968836883668980D1B34A20D6889688368035A22DA20DAA061366CD08836A025A20DA20D88B64183688386D9B04123DA80968836883688B60D1B34883668980D8B36A20D68896883688386D9B041836883868936D443A03B63A4AFB3F69A14688968C3CC47FBBB618D5C2BDA5996CD3129D012D18634C2FDC635A2FD565353D32C53022D116D48E7B47DD568E779FE0313022D116D482BDC577B6D7BAF533688B668439AA7ED11AF6583688B36D48110E93F386583688B36D447B4BF57F35AF6BF990888B66843C2AAAF6D3B6583688B36A41FEDEFBA221A88B66853BF3F484531EBE8D1A31B7B7B7B2F6EDBB6ADE8EAEAB2EA7C75777717BB76ED3A1356C54F381A26DA349018ECDDBB7717030303C5F9F3E7AD0659A74F9F2E76EEDCF9F710F0B97ECAD130D1A641C413B660376CB8CF8793F7213FE5689868D320E253E202D7B82B447BC44F391A26DA3488F81AA8B83574B4FD338B868936B75AB43FFBF4547174EFFAA2AFFB179757FCEBF83561146DD012D126A1680F0D9E280EBEF9F3E2AF7F5AFE4F2B7E2D7E4F1C451BB444B44924DAC7FBFE7845B0ABEBA3BE4E71146DD012D12695681FDAFEEC84D18EDF1347D1062D116D1289F6C1AED513463B7E4F1C451BB444B4116D4BB4D1301B36686E24DAF1DDE213453B7E4F1C451BB444B44924DA47F6BC3861B4E3F7C451B4414B449B44A2FDC989778B835B9FBCF2A9F1F0B5F83D71146DD012D1269168C7756CDF6B57443B7E4D18451BB444B44929DAE7CE1547FEFCD2954F8D87AFC5EF89A3688396883609443B5EF1AC7FCFAF267C4D3B7ECF55D1441BB444B499C9688713F4A9233DC5812D2B270C7675C5DF137FAF53B76883968836D31CEDEB9DAE9DBA451BB444B44924DA5FE4747DAD53B7588A36688968334DD1BED9605797588A36688968334DD1B6441BB444B4116D4BB441B40D1AD1B6441B0DB361D1166D4BB4414B441BD1B6441BD1B6618346B42DD146C36C58B445DB126DD012D146B42DD146C36CD8A0116DD1060D136D44DB126DD012D146B42DD146C36CD8A0116DD106D1166D44DB126DD012D146B42DD146C36CD8A0455BDC441BB444B4116D4BB4414B449BC9B26DDB36716BDC351CA23DE2A71C0D136D1AC4AE5DBB4E0D0C0C085C03AE13274EFC2E44FB909F72344CB469103D3D3DDFDFB163C7A71F7FFCF1D9468FD8B973E76E9913760C767777F70761CDF5538E8689360D24FC8B7D4E3891ED8D4FA5C6D7401B716DDDBAB52897CB977F6DD43DD6ACF8381E126C34CC86459BBAD4DCDC7C474B4BCB904980688B36242E04FBEEB04E9A0488B66843E2B22CFB4688F6619300D1166D485CB95CFE4E88F63E9300D1166D485C08765358DB4D02445BB42171799E3F10A2DD691220DAA20DE99FB4CB616D3009106DD186F4A3DD1ED6CB2601A22DDA90B83CCF3BB22C5B671220DAA20DE99FB45787F5A44980688B36A47FD27E3E9EB64D02445BB421FD93F62BF1756D9300D1166D483FDA1BC2493B3709106DD186F4A3DD9965D91C9300D1166D483FDA3BC241FB7E9300D1166D483FDAFBE3F5C74D02445BB421FD68F7C73B7D990488B66843FAD13E59A954EE3209106DD186F4A33D542A95669B0488B66843DA6E0BD11E8DBF1A0588B66843C29A9B9BEF88276D9300D1166D485C08F6DDF1356D9300D1166D485C7CD77888F6619300D1166D485CFC7C7688F63E9300D1166D485C08765358DB4D02445BB42171799E3F10AF3D6E1220DAA20DE99FB4CBF12E5F2601A22DDA907EB4DBC37AD92440B4451B1297E779479665EB4C02445BB421FD93F6EAB09E3409106DD186F44FDACFC7D3B64980688B36A47FD27E25BEAE6D1220DAA20DE9477B433869E72601A22DDA907EB43BB32C9B631220DAA20DE9477B473868DF6F1220DAA20DE9477B7FBCFEB84980688B36A41FEDFE78A72F9300D1166D483FDA272B95CA5D2601A22DDA907EB4874AA5D26C9300D1166D48DB6D21DAA3F157A300D1166D48587373F31DF1A46D12A061A20D890BC1BE3BBEA66D12A061A20D898BEF1A0FD13E6C12A061A20D898B9FCF0ED1DE6712A061A20D890BC16E0A6BBB4980868936242ECFF307E2B5C74D02344CB421FD937639DEE5CB2440C3441BD28F767B582F9B0468986843425A5B5BEF2997CBF785487F3DAEA6A6A659799E776459B6CE7440C3441B121202FDAD10EB91B08A716B38AC63636B7788F8F74C0B445BB4618685286FBC4AB46BD79178023729106DD186993F6DFFE05AD18EDF3725106DD186744EDB072688F646D301D1166D482BDA6D5709F6489665DF361D106DD18684C47B6787489FAE8D7608F60B2603A22DDA90A010E91535D1FE3C7E1CCC5440B4451B1214235DFDF85708F8B326021A26DA90B010ECDF8660C770FF8B6980868936A473AA5E1602FDEBF0EBDEB18BA80CD7BC9EFD5158EF84BF7E29CFF38AA7CA41B4451BA65188EF57438817875F0F86357A9D0BAA5CB162C4C37FEFD1F8A635D3042D116D980263EF0C5F1D82FBD98D867A823514D6DAB6B6B63B4D17B444B461F24ED795B04E8C0FEFBC79F38AA79F7EBAD8B46953D1D7D7570C0C0C14A3A3A345D5E0E060D1DFDF5F6CD9B2A558B366CDE5DF7F9578C78F88B59932688968C39710AF151E5F8F1E1FDAA54B97165D5D5DC5E79F7F5EDC880B172E14BB77EF2E962F5F7EB578AF77EA062D116DB809A552E96BE174DD5B1BD6471F7DF472746B4FD337ABB7B7B758B264C9F8701F087FEEBDA60F5A22DA7063C17EBF36A8EBD7AF2F8687878BC914E3FF9BDFFC667CB88F0937688968C31730F694F87F5723DADADA7AF9A9F0A914FFF7C7BDDE7DC0BBCB414B441BAEA3F635EC18ECF874F874884F97C73FCF9DC1404B441BBE80F82EF1DAA7AAA7FA847DB513F7B87B70CFF7A8809688368C139F8EAEFD58577C0D7B26BCFEFAEBB5E13EE56972D092A9DC70FCFEE835964193A478E194DA77894FF69BCE6EE4CD69F1CFAF09F76A8F0E88F6546D78F426BF67D0CC987869D2DA2B9DEDD9B3A79849F1F5ED9ACB9E0EC6BF3F8F1288B668C3572EDF037B71ED855326E373D85FD6E38F3FEEB40DA22DDA709593F6C16A207B7A7A8A14C477ADD744FB884709445BB4B9E5C5DB6556EFD6153F2B7DA397269D2AF192A7B59FDD2E97CBF779B440B4A722DA13AD0B064D6AE2FDB0AB618C37FF48C973CF3D57FBDAF60A8F168876BD6C58B499122186BFAE86B1B3B333A968C7BB83D53C45FE5B8F1668896873AB9FB4F756C3186FAF9992785BCF9A93F63B1E2DD092C9DEB0CF69536FD13E560D63BC1F764AE2FDB86BEFBBEDD102D19EEC0D7B231AF516EDE16A1853F8A8D778B59735F56881688B36B77AB4FF2F8A29126D106DD186FA3B698F78B440B4459B5B3DDAF5F29AF6718F1688F65444DBE7B4A9A7687BF73868980D1B347512EDB575F239ED973C5AA025A2CDAD1EEDB9F57045B43CCF2B1E2DD092C9DEB0CF6953574AA5D2D7E29BBC52BCF678A552B9548D76BC46BA470B447BB237EC8D68D4E369FBAD94EFF2E5F56C106DD186FF8FF6A26A20972F5F9E44B41F7BECB18B354F8D3FEA5102D1166D08DADADA6E0FA7D9C16A24F7ECD933A3C1EEEDEDAD7D03DA50A9549AED5102D1166D18134EB36BAAA15CB46851313C3C3C23C18E1778F9C94F7E72B126DA6B3D3A20DA53196D9FD3A6EEC4D36CBC80493596EBD7AF9F9168BFFEFAEBFF749390B6B6B63B3D3A20DAF5B661D1663A4EDB95DA6B7D7775754D6BB0E39F57FBE787D5E651012D116D98409665BFAEF998D5B4BDBE1D5FC70E7FDE684DB0D77B34404BA67AC33EA74D5D1B7B9AFC406DB8A7FAC41DFFF7C705FB80A7C541B4A763C3DE8846DD8B1732A9BD9148F535EE78C193C97ED3D9B8D7B0E33A16FE8FC3BD1E05106DD1861B0877BCA8496D50E3BBCAE3D3D893F574F84F7FFAD38BE3827D40B041B4451B6E425353D3AC3CCFFF735C582F5F80255E39ED463F16164FEAF135F2DA0BA7D4BE86ED2971106DD1862F69EC5DE5C7C787365EAB3CDE6424DE1D2CDED633DE8F3B3EE55D7B3FEC787BCD78B7AE78F38FDA6B89D77EACCBBBC441B46732DA3EA74DC389574D0B715D5D7BE5B42FB986E285539CAE41B41B71C3A24D2AF1BE33847BC5D83BCC476E34D6F175F2782D719726052D116D984621C0DF8E011EFB6CF7DEB1A7BAAB818E413F3EF666B697E253EC6EAF09A22DDA00A025A20D8086D9B04103A025A20D005A22DA0068980D1B34005A22DA0020DA060D8086D9B04103A025A20D8068DBB04103A061362CDA0068896803A061366CD0006898680380968836001A66C3060D80688B360068896803A061366CD0006889680380968836001A66C3060D809688360088B64103A061366CD0006889680320DA366CD00068980D8B36005A22DA0068980D1B34001A26DA00A025A20D8086D9B0410320DAA20D005A22DA0068980D1B34005A22DA00A025A20D8086D9B04103A025A20D00A26DD00068980D1B34005A22DA0088B60D1B34001A66C3A20D80968836001A66C3060D808689360068896803A061366CD00088B6680380968836001A66C3060D809688360068896803A061366CD0006889680380681B34001A66C3060D8096883600A26DC3060D8086D9B06803A025A20D8086D9B04103A061A20D005A22DA0068980D1B3400A22DDA00A025A20D8086D9B04103A025A20D005A22DA0068980D1B34005A22DA0020DA060D8086D9B04103A025A20D8068DBB04103A061362CDA0068896803A061366CD0006898680380968836001A66C3060D80688B360068896803A061366CD0006889680380968836001A66C3060D809688360088B64103A061366CD0006889680320DA366CD00068980D8B36005A22DA0088B60D1B34001A26DA00A025A20D8086D9B0410320DAA20D005A22DA0068980D1B3400A22DDA00A025A20D8086D9B04103A025A20D00A26DD00068980D1B34005A22DA0088B60D1B34001A66C3A20D8096883600A26DC3060D808689360068896803A061366CD00088B6680380968836001A66C3060D80688B360068896803A061366CD0006889680380681B34001A66C3060D809688360088B64103A061362CDA006889680320DA366CD0006898680380968836001A66C3060D80688B360068896803A061366CD00088B6680380968836001A66C3060D809688360088B64103A061366CD0006889680380681B34001A66C3A20D8096883600A26DC3060D808689360068896803A061366CD0006898680380968836001A66C3060D80688B360068896803A061366CD0006889680380968836001A66C3060D809688360088B64103A061362CDA006889680320DA366CD000689868FB5903404B441B000DB361830640C3441B00B444B401D0301B366800445BB401404B441B000DB3618306404B441B00B444B401D0301B366800B444B40140B40D1A000DB361D106404B441B00D1B661830640C36C58B401D012D10640C36CD8A001D030D106002D116D0034CC860D1A00D1166D00D012D10640C36CD8A001D012D106002D116D0034CC860D1A002D116D00106D830640C36C58B401D012D10640B46DD8A001D0301B166D00B444B401D0301B366800344CB401404B441B000DB361830640B4451B00B444B401D0301B366800B444B401404B441B000DB3618306404B441B0044DBA001D0301B366800B444B401106D1B36680034CC86451B002D116D0034CC860D1A000D136D00D012D10640C36CD8A001106DD106002D116D0034CC860D1A002D116D00D012D10640C36CD8A001D012D10600D136680034CC860D1A002D116D0044DB860D1A000DB361D106404B441B000DB361830640C3441B00B444B401D0301B366800445BB401404B441B000DB3618306404B441B00B444B401D0301B366800B444B40140B40D1A000DB3618306404B441B00D1B661830640C36C58B401D012D10640C36CD8A001D030D106002D116D0034CC860D1A00D1166D00D012D10640C36CD8A001D012D106002D116D0034CC860D1A002D116D00106D830640C36CD8A001D012D10640B46DD8A001D0301B166D00B444B401D0301B366800344CB401404B441B000DB361830640B4451B00B444B401D0301B366800B444B401404B441B000DB3618306404B441B0044DBA001D0301B366800B444B401106D1B36680034CC86451B002D116D0034CC860D1A000D136D00D012D10640C36CD8A001106DD106002D116D0034CC860D1A002D116D00D012D10640C36CD8A001D012D10600D136680034CC860D1A002D116D0044DB860D1A000DB361D106404B441B000DB361830640C3441B00B444B401D0301B366800445BB401404B441B000DB3618306404B441B00B444B401D0301B366800B444B40140B40D1A000DB3618306404B441B00D1B661830640C36C58B401D012D10640C36CD8A001D030D106002D116D0034CC860D1A00D1166D00D012D10640C36CD8A001D012D106002D116D0034CC860D1A002D116D00B8E5A36D59966559F5BA00000000000000000000000000000000006E4DFF0B0AE596088A9ED0130000000049454E44AE426082, '1');

-- ----------------------------
-- Table structure for act_ge_property
-- ----------------------------
DROP TABLE IF EXISTS `act_ge_property`;
CREATE TABLE `act_ge_property` (
  `NAME_` varchar(64) COLLATE utf8_bin NOT NULL,
  `VALUE_` varchar(300) COLLATE utf8_bin DEFAULT NULL,
  `REV_` int(11) DEFAULT NULL,
  PRIMARY KEY (`NAME_`)
) ENGINE=InnoDB DEFAULT CHARSET=utf8 COLLATE=utf8_bin;

-- ----------------------------
-- Records of act_ge_property
-- ----------------------------
INSERT INTO `act_ge_property` VALUES ('next.dbid', '342501', '138');
INSERT INTO `act_ge_property` VALUES ('schema.history', 'create(5.18.0.1)', '1');
INSERT INTO `act_ge_property` VALUES ('schema.version', '5.18.0.1', '1');

-- ----------------------------
-- Table structure for act_hi_actinst
-- ----------------------------
DROP TABLE IF EXISTS `act_hi_actinst`;
CREATE TABLE `act_hi_actinst` (
  `ID_` varchar(64) COLLATE utf8_bin NOT NULL,
  `PROC_DEF_ID_` varchar(64) COLLATE utf8_bin NOT NULL,
  `PROC_INST_ID_` varchar(64) COLLATE utf8_bin NOT NULL,
  `EXECUTION_ID_` varchar(64) COLLATE utf8_bin NOT NULL,
  `ACT_ID_` varchar(255) COLLATE utf8_bin NOT NULL,
  `TASK_ID_` varchar(64) COLLATE utf8_bin DEFAULT NULL,
  `CALL_PROC_INST_ID_` varchar(64) COLLATE utf8_bin DEFAULT NULL,
  `ACT_NAME_` varchar(255) COLLATE utf8_bin DEFAULT NULL,
  `ACT_TYPE_` varchar(255) COLLATE utf8_bin NOT NULL,
  `ASSIGNEE_` varchar(255) COLLATE utf8_bin DEFAULT NULL,
  `START_TIME_` datetime(3) NOT NULL,
  `END_TIME_` datetime(3) DEFAULT NULL,
  `DURATION_` bigint(20) DEFAULT NULL,
  `TENANT_ID_` varchar(255) COLLATE utf8_bin DEFAULT '',
  PRIMARY KEY (`ID_`),
  KEY `ACT_IDX_HI_ACT_INST_START` (`START_TIME_`),
  KEY `ACT_IDX_HI_ACT_INST_END` (`END_TIME_`),
  KEY `ACT_IDX_HI_ACT_INST_PROCINST` (`PROC_INST_ID_`,`ACT_ID_`),
  KEY `ACT_IDX_HI_ACT_INST_EXEC` (`EXECUTION_ID_`,`ACT_ID_`)
) ENGINE=InnoDB DEFAULT CHARSET=utf8 COLLATE=utf8_bin;

-- ----------------------------
-- Records of act_hi_actinst
-- ----------------------------
INSERT INTO `act_hi_actinst` VALUES ('317528', 'sid-1DB6D7F1-95FE-8B9F-2C11-F24B55DC9520:1:317525', '317526', '317526', 'startevent1', null, null, '开始节点', 'startEvent', null, '2016-05-30 15:00:37.221', '2016-05-30 15:00:37.223', '2', '');
INSERT INTO `act_hi_actinst` VALUES ('317530', 'sid-1DB6D7F1-95FE-8B9F-2C11-F24B55DC9520:1:317525', '317526', '317526', 'usertask1sid-1DB6D7F1-95FE-8B9F-2C11-F24B55DC9520', '317531', null, '用户节点', 'userTask', 'ceshi1', '2016-05-30 15:00:37.223', '2016-05-30 15:00:50.699', '13476', '');
INSERT INTO `act_hi_actinst` VALUES ('317533', 'sid-1DB6D7F1-95FE-8B9F-2C11-F24B55DC9520:1:317525', '317526', '317526', 'usertask2sid-1DB6D7F1-95FE-8B9F-2C11-F24B55DC9520', '317534', null, '用户节点', 'userTask', 'ceshi1', '2016-05-30 15:00:50.699', '2016-05-30 15:01:32.408', '41709', '');
INSERT INTO `act_hi_actinst` VALUES ('317535', 'sid-1DB6D7F1-95FE-8B9F-2C11-F24B55DC9520:1:317525', '317526', '317526', 'endevent0', null, null, '结束节点', 'endEvent', null, '2016-05-30 15:01:32.408', '2016-05-30 15:01:32.409', '1', '');
INSERT INTO `act_hi_actinst` VALUES ('320003', 'sid-1DB6D7F1-95FE-8B9F-2C11-F24B55DC9520:1:317525', '320001', '320001', 'startevent1', null, null, '开始节点', 'startEvent', null, '2016-05-30 15:35:32.735', '2016-05-30 15:35:32.751', '16', '');
INSERT INTO `act_hi_actinst` VALUES ('320005', 'sid-1DB6D7F1-95FE-8B9F-2C11-F24B55DC9520:1:317525', '320001', '320001', 'usertask1sid-1DB6D7F1-95FE-8B9F-2C11-F24B55DC9520', '320006', null, '用户节点', 'userTask', 'ceshi1', '2016-05-30 15:35:32.752', '2016-05-30 15:35:40.932', '8180', '');
INSERT INTO `act_hi_actinst` VALUES ('320008', 'sid-1DB6D7F1-95FE-8B9F-2C11-F24B55DC9520:1:317525', '320001', '320001', 'usertask2sid-1DB6D7F1-95FE-8B9F-2C11-F24B55DC9520', '320009', null, '用户节点', 'userTask', 'ceshi1', '2016-05-30 15:35:40.932', '2016-05-30 16:08:45.152', '1984220', '');
INSERT INTO `act_hi_actinst` VALUES ('322501', 'sid-1DB6D7F1-95FE-8B9F-2C11-F24B55DC9520:1:317525', '320001', '320001', 'endevent0', null, null, '结束节点', 'endEvent', null, '2016-05-30 16:08:45.361', '2016-05-30 16:08:45.363', '2', '');
INSERT INTO `act_hi_actinst` VALUES ('322504', 'sid-1DB6D7F1-95FE-8B9F-2C11-F24B55DC9520:1:317525', '322502', '322502', 'startevent1', null, null, '开始节点', 'startEvent', null, '2016-05-30 16:09:52.301', '2016-05-30 16:09:52.303', '2', '');
INSERT INTO `act_hi_actinst` VALUES ('322506', 'sid-1DB6D7F1-95FE-8B9F-2C11-F24B55DC9520:1:317525', '322502', '322502', 'usertask1sid-1DB6D7F1-95FE-8B9F-2C11-F24B55DC9520', '322507', null, '用户节点', 'userTask', 'ceshi1', '2016-05-30 16:09:52.304', '2016-05-30 16:09:55.063', '2759', '');
INSERT INTO `act_hi_actinst` VALUES ('322509', 'sid-1DB6D7F1-95FE-8B9F-2C11-F24B55DC9520:1:317525', '322502', '322502', 'usertask2sid-1DB6D7F1-95FE-8B9F-2C11-F24B55DC9520', '322510', null, '用户节点', 'userTask', 'ceshi1', '2016-05-30 16:09:55.064', '2016-05-30 17:16:10.965', '3975901', '');
INSERT INTO `act_hi_actinst` VALUES ('325001', 'sid-1DB6D7F1-95FE-8B9F-2C11-F24B55DC9520:1:317525', '322502', '322502', 'endevent0', null, null, '结束节点', 'endEvent', null, '2016-05-30 17:16:11.045', '2016-05-30 17:16:11.047', '2', '');
INSERT INTO `act_hi_actinst` VALUES ('325004', 'sid-1DB6D7F1-95FE-8B9F-2C11-F24B55DC9520:1:317525', '325002', '325002', 'startevent1', null, null, '开始节点', 'startEvent', null, '2016-05-30 17:16:41.530', '2016-05-30 17:16:41.533', '3', '');
INSERT INTO `act_hi_actinst` VALUES ('325006', 'sid-1DB6D7F1-95FE-8B9F-2C11-F24B55DC9520:1:317525', '325002', '325002', 'usertask1sid-1DB6D7F1-95FE-8B9F-2C11-F24B55DC9520', '325007', null, '用户节点', 'userTask', 'ceshi1', '2016-05-30 17:16:41.534', '2016-05-30 17:16:46.169', '4635', '');
INSERT INTO `act_hi_actinst` VALUES ('325009', 'sid-1DB6D7F1-95FE-8B9F-2C11-F24B55DC9520:1:317525', '325002', '325002', 'usertask2sid-1DB6D7F1-95FE-8B9F-2C11-F24B55DC9520', '325010', null, '用户节点', 'userTask', 'ceshi1', '2016-05-30 17:16:46.170', '2016-05-30 17:30:34.445', '828275', '');
INSERT INTO `act_hi_actinst` VALUES ('327501', 'sid-1DB6D7F1-95FE-8B9F-2C11-F24B55DC9520:1:317525', '325002', '325002', 'endevent0', null, null, '结束节点', 'endEvent', null, '2016-05-30 17:30:34.531', '2016-05-30 17:30:34.532', '1', '');
INSERT INTO `act_hi_actinst` VALUES ('330007', 'sid-1DB6D7F1-95FE-8B9F-2C11-F24B55DC9520:1:317525', '330005', '330005', 'startevent1', null, null, '开始节点', 'startEvent', null, '2016-05-30 17:52:21.819', '2016-05-30 17:52:21.835', '16', '');
INSERT INTO `act_hi_actinst` VALUES ('330009', 'sid-1DB6D7F1-95FE-8B9F-2C11-F24B55DC9520:1:317525', '330005', '330005', 'usertask1sid-1DB6D7F1-95FE-8B9F-2C11-F24B55DC9520', '330010', null, '用户节点', 'userTask', 'ceshi1', '2016-05-30 17:52:21.835', '2016-05-30 17:52:28.328', '6493', '');
INSERT INTO `act_hi_actinst` VALUES ('330012', 'sid-1DB6D7F1-95FE-8B9F-2C11-F24B55DC9520:1:317525', '330005', '330005', 'usertask2sid-1DB6D7F1-95FE-8B9F-2C11-F24B55DC9520', '330013', null, '用户节点', 'userTask', 'ceshi1', '2016-05-30 17:52:28.328', '2016-05-30 17:52:42.774', '14446', '');
INSERT INTO `act_hi_actinst` VALUES ('330014', 'sid-1DB6D7F1-95FE-8B9F-2C11-F24B55DC9520:1:317525', '330005', '330005', 'endevent0', null, null, '结束节点', 'endEvent', null, '2016-05-30 17:52:42.775', '2016-05-30 17:52:42.776', '1', '');
INSERT INTO `act_hi_actinst` VALUES ('332507', 'sid-1DB6D7F1-95FE-8B9F-2C11-F24B55DC9520:1:317525', '332505', '332505', 'startevent1', null, null, '开始节点', 'startEvent', null, '2016-05-31 09:35:37.967', '2016-05-31 09:35:37.985', '18', '');
INSERT INTO `act_hi_actinst` VALUES ('332509', 'sid-1DB6D7F1-95FE-8B9F-2C11-F24B55DC9520:1:317525', '332505', '332505', 'usertask1sid-1DB6D7F1-95FE-8B9F-2C11-F24B55DC9520', '332510', null, '用户节点', 'userTask', 'ceshi1', '2016-05-31 09:35:37.986', '2016-06-01 16:46:30.621', '112252635', '');
INSERT INTO `act_hi_actinst` VALUES ('332514', 'sid-45296799-D231-872E-9570-B8FF2F3FD4ED:1:330004', '332512', '332512', 'startevent1', null, null, '开始节点', 'startEvent', null, '2016-05-31 09:35:44.359', '2016-05-31 09:35:44.361', '2', '');
INSERT INTO `act_hi_actinst` VALUES ('332516', 'sid-45296799-D231-872E-9570-B8FF2F3FD4ED:1:330004', '332512', '332512', 'usertask1sid-45296799-D231-872E-9570-B8FF2F3FD4ED', '332517', null, '用户节点', 'userTask', 'ceshi1', '2016-05-31 09:35:44.362', null, null, '');
INSERT INTO `act_hi_actinst` VALUES ('332528', 'sid-1DB6D7F1-95FE-8B9F-2C11-F24B55DC9520:1:317525', '332526', '332526', 'startevent1', null, null, '开始节点', 'startEvent', null, '2016-05-31 09:36:30.091', '2016-05-31 09:36:30.093', '2', '');
INSERT INTO `act_hi_actinst` VALUES ('332530', 'sid-1DB6D7F1-95FE-8B9F-2C11-F24B55DC9520:1:317525', '332526', '332526', 'usertask1sid-1DB6D7F1-95FE-8B9F-2C11-F24B55DC9520', '332531', null, '用户节点', 'userTask', 'ceshi1', '2016-05-31 09:36:30.093', null, null, '');
INSERT INTO `act_hi_actinst` VALUES ('335003', 'sid-1DB6D7F1-95FE-8B9F-2C11-F24B55DC9520:1:317525', '335001', '335001', 'startevent1', null, null, '开始节点', 'startEvent', null, '2016-05-31 10:31:46.287', '2016-05-31 10:31:46.303', '16', '');
INSERT INTO `act_hi_actinst` VALUES ('335005', 'sid-1DB6D7F1-95FE-8B9F-2C11-F24B55DC9520:1:317525', '335001', '335001', 'usertask1sid-1DB6D7F1-95FE-8B9F-2C11-F24B55DC9520', '335006', null, '用户节点', 'userTask', 'ceshi1', '2016-05-31 10:31:46.304', null, null, '');
INSERT INTO `act_hi_actinst` VALUES ('335017', 'sid-45296799-D231-872E-9570-B8FF2F3FD4ED:1:330004', '335015', '335015', 'startevent1', null, null, '开始节点', 'startEvent', null, '2016-05-31 10:31:53.568', '2016-05-31 10:31:53.571', '3', '');
INSERT INTO `act_hi_actinst` VALUES ('335019', 'sid-45296799-D231-872E-9570-B8FF2F3FD4ED:1:330004', '335015', '335015', 'usertask1sid-45296799-D231-872E-9570-B8FF2F3FD4ED', '335020', null, '用户节点', 'userTask', 'ceshi1', '2016-05-31 10:31:53.572', null, null, '');
INSERT INTO `act_hi_actinst` VALUES ('335033', 'sid-1DB6D7F1-95FE-8B9F-2C11-F24B55DC9520:1:317525', '335031', '335031', 'startevent1', null, null, '开始节点', 'startEvent', null, '2016-05-31 15:18:21.491', '2016-05-31 15:18:21.492', '1', '');
INSERT INTO `act_hi_actinst` VALUES ('335035', 'sid-1DB6D7F1-95FE-8B9F-2C11-F24B55DC9520:1:317525', '335031', '335031', 'usertask1sid-1DB6D7F1-95FE-8B9F-2C11-F24B55DC9520', '335036', null, '用户节点', 'userTask', 'ceshi1', '2016-05-31 15:18:21.492', null, null, '');
INSERT INTO `act_hi_actinst` VALUES ('337503', 'sid-1DB6D7F1-95FE-8B9F-2C11-F24B55DC9520:1:317525', '337501', '337501', 'startevent1', null, null, '开始节点', 'startEvent', null, '2016-06-01 09:24:44.807', '2016-06-01 09:24:44.824', '17', '');
INSERT INTO `act_hi_actinst` VALUES ('337505', 'sid-1DB6D7F1-95FE-8B9F-2C11-F24B55DC9520:1:317525', '337501', '337501', 'usertask1sid-1DB6D7F1-95FE-8B9F-2C11-F24B55DC9520', '337506', null, '用户节点', 'userTask', 'ceshi1', '2016-06-01 09:24:44.825', null, null, '');
INSERT INTO `act_hi_actinst` VALUES ('337510', 'sid-45296799-D231-872E-9570-B8FF2F3FD4ED:1:330004', '337508', '337508', 'startevent1', null, null, '开始节点', 'startEvent', null, '2016-06-01 09:30:28.204', '2016-06-01 09:30:28.206', '2', '');
INSERT INTO `act_hi_actinst` VALUES ('337512', 'sid-45296799-D231-872E-9570-B8FF2F3FD4ED:1:330004', '337508', '337508', 'usertask1sid-45296799-D231-872E-9570-B8FF2F3FD4ED', '337513', null, '用户节点', 'userTask', 'ceshi1', '2016-06-01 09:30:28.207', null, null, '');
INSERT INTO `act_hi_actinst` VALUES ('340011', 'sid-1DB6D7F1-95FE-8B9F-2C11-F24B55DC9520:1:317525', '340009', '340009', 'startevent1', null, null, '开始节点', 'startEvent', null, '2016-06-01 16:44:53.567', '2016-06-01 16:44:53.614', '47', '');
INSERT INTO `act_hi_actinst` VALUES ('340013', 'sid-1DB6D7F1-95FE-8B9F-2C11-F24B55DC9520:1:317525', '340009', '340009', 'usertask1sid-1DB6D7F1-95FE-8B9F-2C11-F24B55DC9520', '340014', null, '用户节点', 'userTask', 'ceshi1', '2016-06-01 16:44:53.615', null, null, '');
INSERT INTO `act_hi_actinst` VALUES ('340018', 'sid-634A6AFE-30C3-E82F-4BFF-3D5E2CA90FC5:1:340008', '340016', '340016', 'startevent1', null, null, '开始节点', 'startEvent', null, '2016-06-01 16:44:58.313', '2016-06-01 16:44:58.317', '4', '');
INSERT INTO `act_hi_actinst` VALUES ('340020', 'sid-634A6AFE-30C3-E82F-4BFF-3D5E2CA90FC5:1:340008', '340016', '340016', 'usertask1sid-634A6AFE-30C3-E82F-4BFF-3D5E2CA90FC5', '340021', null, '主管审批', 'userTask', 'ceshi1', '2016-06-01 16:44:58.317', '2016-06-01 16:45:20.836', '22519', '');
INSERT INTO `act_hi_actinst` VALUES ('340023', 'sid-634A6AFE-30C3-E82F-4BFF-3D5E2CA90FC5:1:340008', '340016', '340016', 'usertask2sid-634A6AFE-30C3-E82F-4BFF-3D5E2CA90FC5', '340024', null, '总经理审批', 'userTask', 'ceshi1', '2016-06-01 16:45:20.839', null, null, '');
INSERT INTO `act_hi_actinst` VALUES ('340025', 'sid-1DB6D7F1-95FE-8B9F-2C11-F24B55DC9520:1:317525', '332505', '332505', 'usertask2sid-1DB6D7F1-95FE-8B9F-2C11-F24B55DC9520', '340026', null, '用户节点', 'userTask', 'ceshi1', '2016-06-01 16:46:30.622', null, null, '');

-- ----------------------------
-- Table structure for act_hi_attachment
-- ----------------------------
DROP TABLE IF EXISTS `act_hi_attachment`;
CREATE TABLE `act_hi_attachment` (
  `ID_` varchar(64) COLLATE utf8_bin NOT NULL,
  `REV_` int(11) DEFAULT NULL,
  `USER_ID_` varchar(255) COLLATE utf8_bin DEFAULT NULL,
  `NAME_` varchar(255) COLLATE utf8_bin DEFAULT NULL,
  `DESCRIPTION_` varchar(4000) COLLATE utf8_bin DEFAULT NULL,
  `TYPE_` varchar(255) COLLATE utf8_bin DEFAULT NULL,
  `TASK_ID_` varchar(64) COLLATE utf8_bin DEFAULT NULL,
  `PROC_INST_ID_` varchar(64) COLLATE utf8_bin DEFAULT NULL,
  `URL_` varchar(4000) COLLATE utf8_bin DEFAULT NULL,
  `CONTENT_ID_` varchar(64) COLLATE utf8_bin DEFAULT NULL,
  `TIME_` datetime(3) DEFAULT NULL,
  PRIMARY KEY (`ID_`)
) ENGINE=InnoDB DEFAULT CHARSET=utf8 COLLATE=utf8_bin;

-- ----------------------------
-- Records of act_hi_attachment
-- ----------------------------

-- ----------------------------
-- Table structure for act_hi_comment
-- ----------------------------
DROP TABLE IF EXISTS `act_hi_comment`;
CREATE TABLE `act_hi_comment` (
  `ID_` varchar(64) COLLATE utf8_bin NOT NULL,
  `TYPE_` varchar(255) COLLATE utf8_bin DEFAULT NULL,
  `TIME_` datetime(3) NOT NULL,
  `USER_ID_` varchar(255) COLLATE utf8_bin DEFAULT NULL,
  `TASK_ID_` varchar(64) COLLATE utf8_bin DEFAULT NULL,
  `PROC_INST_ID_` varchar(64) COLLATE utf8_bin DEFAULT NULL,
  `ACTION_` varchar(255) COLLATE utf8_bin DEFAULT NULL,
  `MESSAGE_` varchar(4000) COLLATE utf8_bin DEFAULT NULL,
  `FULL_MSG_` longblob,
  PRIMARY KEY (`ID_`)
) ENGINE=InnoDB DEFAULT CHARSET=utf8 COLLATE=utf8_bin;

-- ----------------------------
-- Records of act_hi_comment
-- ----------------------------

-- ----------------------------
-- Table structure for act_hi_detail
-- ----------------------------
DROP TABLE IF EXISTS `act_hi_detail`;
CREATE TABLE `act_hi_detail` (
  `ID_` varchar(64) COLLATE utf8_bin NOT NULL,
  `TYPE_` varchar(255) COLLATE utf8_bin NOT NULL,
  `PROC_INST_ID_` varchar(64) COLLATE utf8_bin DEFAULT NULL,
  `EXECUTION_ID_` varchar(64) COLLATE utf8_bin DEFAULT NULL,
  `TASK_ID_` varchar(64) COLLATE utf8_bin DEFAULT NULL,
  `ACT_INST_ID_` varchar(64) COLLATE utf8_bin DEFAULT NULL,
  `NAME_` varchar(255) COLLATE utf8_bin NOT NULL,
  `VAR_TYPE_` varchar(255) COLLATE utf8_bin DEFAULT NULL,
  `REV_` int(11) DEFAULT NULL,
  `TIME_` datetime(3) NOT NULL,
  `BYTEARRAY_ID_` varchar(64) COLLATE utf8_bin DEFAULT NULL,
  `DOUBLE_` double DEFAULT NULL,
  `LONG_` bigint(20) DEFAULT NULL,
  `TEXT_` varchar(4000) COLLATE utf8_bin DEFAULT NULL,
  `TEXT2_` varchar(4000) COLLATE utf8_bin DEFAULT NULL,
  PRIMARY KEY (`ID_`),
  KEY `ACT_IDX_HI_DETAIL_PROC_INST` (`PROC_INST_ID_`),
  KEY `ACT_IDX_HI_DETAIL_ACT_INST` (`ACT_INST_ID_`),
  KEY `ACT_IDX_HI_DETAIL_TIME` (`TIME_`),
  KEY `ACT_IDX_HI_DETAIL_NAME` (`NAME_`),
  KEY `ACT_IDX_HI_DETAIL_TASK_ID` (`TASK_ID_`)
) ENGINE=InnoDB DEFAULT CHARSET=utf8 COLLATE=utf8_bin;

-- ----------------------------
-- Records of act_hi_detail
-- ----------------------------

-- ----------------------------
-- Table structure for act_hi_identitylink
-- ----------------------------
DROP TABLE IF EXISTS `act_hi_identitylink`;
CREATE TABLE `act_hi_identitylink` (
  `ID_` varchar(64) COLLATE utf8_bin NOT NULL,
  `GROUP_ID_` varchar(255) COLLATE utf8_bin DEFAULT NULL,
  `TYPE_` varchar(255) COLLATE utf8_bin DEFAULT NULL,
  `USER_ID_` varchar(255) COLLATE utf8_bin DEFAULT NULL,
  `TASK_ID_` varchar(64) COLLATE utf8_bin DEFAULT NULL,
  `PROC_INST_ID_` varchar(64) COLLATE utf8_bin DEFAULT NULL,
  PRIMARY KEY (`ID_`),
  KEY `ACT_IDX_HI_IDENT_LNK_USER` (`USER_ID_`),
  KEY `ACT_IDX_HI_IDENT_LNK_TASK` (`TASK_ID_`),
  KEY `ACT_IDX_HI_IDENT_LNK_PROCINST` (`PROC_INST_ID_`)
) ENGINE=InnoDB DEFAULT CHARSET=utf8 COLLATE=utf8_bin;

-- ----------------------------
-- Records of act_hi_identitylink
-- ----------------------------
INSERT INTO `act_hi_identitylink` VALUES ('317532', null, 'participant', 'ceshi1', null, '317526');
INSERT INTO `act_hi_identitylink` VALUES ('320007', null, 'participant', 'ceshi1', null, '320001');
INSERT INTO `act_hi_identitylink` VALUES ('322508', null, 'participant', 'ceshi1', null, '322502');
INSERT INTO `act_hi_identitylink` VALUES ('325008', null, 'participant', 'ceshi1', null, '325002');
INSERT INTO `act_hi_identitylink` VALUES ('330011', null, 'participant', 'ceshi1', null, '330005');
INSERT INTO `act_hi_identitylink` VALUES ('332511', null, 'participant', 'ceshi1', null, '332505');
INSERT INTO `act_hi_identitylink` VALUES ('332518', null, 'participant', 'ceshi1', null, '332512');
INSERT INTO `act_hi_identitylink` VALUES ('332532', null, 'participant', 'ceshi1', null, '332526');
INSERT INTO `act_hi_identitylink` VALUES ('335007', null, 'participant', 'ceshi1', null, '335001');
INSERT INTO `act_hi_identitylink` VALUES ('335021', null, 'participant', 'ceshi1', null, '335015');
INSERT INTO `act_hi_identitylink` VALUES ('335037', null, 'participant', 'ceshi1', null, '335031');
INSERT INTO `act_hi_identitylink` VALUES ('337507', null, 'participant', 'ceshi1', null, '337501');
INSERT INTO `act_hi_identitylink` VALUES ('337514', null, 'participant', 'ceshi1', null, '337508');
INSERT INTO `act_hi_identitylink` VALUES ('340015', null, 'participant', 'ceshi1', null, '340009');
INSERT INTO `act_hi_identitylink` VALUES ('340022', null, 'participant', 'ceshi1', null, '340016');

-- ----------------------------
-- Table structure for act_hi_procinst
-- ----------------------------
DROP TABLE IF EXISTS `act_hi_procinst`;
CREATE TABLE `act_hi_procinst` (
  `ID_` varchar(64) COLLATE utf8_bin NOT NULL,
  `PROC_INST_ID_` varchar(64) COLLATE utf8_bin NOT NULL,
  `BUSINESS_KEY_` varchar(255) COLLATE utf8_bin DEFAULT NULL,
  `PROC_DEF_ID_` varchar(64) COLLATE utf8_bin NOT NULL,
  `START_TIME_` datetime(3) NOT NULL,
  `END_TIME_` datetime(3) DEFAULT NULL,
  `DURATION_` bigint(20) DEFAULT NULL,
  `START_USER_ID_` varchar(255) COLLATE utf8_bin DEFAULT NULL,
  `START_ACT_ID_` varchar(255) COLLATE utf8_bin DEFAULT NULL,
  `END_ACT_ID_` varchar(255) COLLATE utf8_bin DEFAULT NULL,
  `SUPER_PROCESS_INSTANCE_ID_` varchar(64) COLLATE utf8_bin DEFAULT NULL,
  `DELETE_REASON_` varchar(4000) COLLATE utf8_bin DEFAULT NULL,
  `TENANT_ID_` varchar(255) COLLATE utf8_bin DEFAULT '',
  `NAME_` varchar(255) COLLATE utf8_bin DEFAULT NULL,
  PRIMARY KEY (`ID_`),
  UNIQUE KEY `PROC_INST_ID_` (`PROC_INST_ID_`),
  KEY `ACT_IDX_HI_PRO_INST_END` (`END_TIME_`),
  KEY `ACT_IDX_HI_PRO_I_BUSKEY` (`BUSINESS_KEY_`)
) ENGINE=InnoDB DEFAULT CHARSET=utf8 COLLATE=utf8_bin;

-- ----------------------------
-- Records of act_hi_procinst
-- ----------------------------
INSERT INTO `act_hi_procinst` VALUES ('317526', '317526', null, 'sid-1DB6D7F1-95FE-8B9F-2C11-F24B55DC9520:1:317525', '2016-05-30 15:00:37.221', '2016-05-30 15:01:32.417', '55196', null, 'startevent1', 'endevent0', null, null, '', null);
INSERT INTO `act_hi_procinst` VALUES ('320001', '320001', null, 'sid-1DB6D7F1-95FE-8B9F-2C11-F24B55DC9520:1:317525', '2016-05-30 15:35:32.735', '2016-05-30 16:08:45.374', '1992639', null, 'startevent1', 'endevent0', null, null, '', null);
INSERT INTO `act_hi_procinst` VALUES ('322502', '322502', null, 'sid-1DB6D7F1-95FE-8B9F-2C11-F24B55DC9520:1:317525', '2016-05-30 16:09:52.301', '2016-05-30 17:16:11.058', '3978757', null, 'startevent1', 'endevent0', null, null, '', null);
INSERT INTO `act_hi_procinst` VALUES ('325002', '325002', null, 'sid-1DB6D7F1-95FE-8B9F-2C11-F24B55DC9520:1:317525', '2016-05-30 17:16:41.530', '2016-05-30 17:30:34.536', '833006', null, 'startevent1', 'endevent0', null, null, '', null);
INSERT INTO `act_hi_procinst` VALUES ('330005', '330005', null, 'sid-1DB6D7F1-95FE-8B9F-2C11-F24B55DC9520:1:317525', '2016-05-30 17:52:21.819', '2016-05-30 17:52:42.780', '20961', null, 'startevent1', 'endevent0', null, null, '', null);
INSERT INTO `act_hi_procinst` VALUES ('332505', '332505', null, 'sid-1DB6D7F1-95FE-8B9F-2C11-F24B55DC9520:1:317525', '2016-05-31 09:35:37.966', null, null, null, 'startevent1', null, null, null, '', null);
INSERT INTO `act_hi_procinst` VALUES ('332512', '332512', null, 'sid-45296799-D231-872E-9570-B8FF2F3FD4ED:1:330004', '2016-05-31 09:35:44.359', null, null, null, 'startevent1', null, null, null, '', null);
INSERT INTO `act_hi_procinst` VALUES ('332526', '332526', null, 'sid-1DB6D7F1-95FE-8B9F-2C11-F24B55DC9520:1:317525', '2016-05-31 09:36:30.090', null, null, null, 'startevent1', null, null, null, '', null);
INSERT INTO `act_hi_procinst` VALUES ('335001', '335001', null, 'sid-1DB6D7F1-95FE-8B9F-2C11-F24B55DC9520:1:317525', '2016-05-31 10:31:46.287', null, null, null, 'startevent1', null, null, null, '', null);
INSERT INTO `act_hi_procinst` VALUES ('335015', '335015', null, 'sid-45296799-D231-872E-9570-B8FF2F3FD4ED:1:330004', '2016-05-31 10:31:53.568', null, null, null, 'startevent1', null, null, null, '', null);
INSERT INTO `act_hi_procinst` VALUES ('335031', '335031', null, 'sid-1DB6D7F1-95FE-8B9F-2C11-F24B55DC9520:1:317525', '2016-05-31 15:18:21.491', null, null, null, 'startevent1', null, null, null, '', null);
INSERT INTO `act_hi_procinst` VALUES ('337501', '337501', null, 'sid-1DB6D7F1-95FE-8B9F-2C11-F24B55DC9520:1:317525', '2016-06-01 09:24:44.807', null, null, null, 'startevent1', null, null, null, '', null);
INSERT INTO `act_hi_procinst` VALUES ('337508', '337508', null, 'sid-45296799-D231-872E-9570-B8FF2F3FD4ED:1:330004', '2016-06-01 09:30:28.204', null, null, null, 'startevent1', null, null, null, '', null);
INSERT INTO `act_hi_procinst` VALUES ('340009', '340009', null, 'sid-1DB6D7F1-95FE-8B9F-2C11-F24B55DC9520:1:317525', '2016-06-01 16:44:53.567', null, null, null, 'startevent1', null, null, null, '', null);
INSERT INTO `act_hi_procinst` VALUES ('340016', '340016', null, 'sid-634A6AFE-30C3-E82F-4BFF-3D5E2CA90FC5:1:340008', '2016-06-01 16:44:58.313', null, null, null, 'startevent1', null, null, null, '', null);

-- ----------------------------
-- Table structure for act_hi_taskinst
-- ----------------------------
DROP TABLE IF EXISTS `act_hi_taskinst`;
CREATE TABLE `act_hi_taskinst` (
  `ID_` varchar(64) COLLATE utf8_bin NOT NULL,
  `PROC_DEF_ID_` varchar(64) COLLATE utf8_bin DEFAULT NULL,
  `TASK_DEF_KEY_` varchar(255) COLLATE utf8_bin DEFAULT NULL,
  `PROC_INST_ID_` varchar(64) COLLATE utf8_bin DEFAULT NULL,
  `EXECUTION_ID_` varchar(64) COLLATE utf8_bin DEFAULT NULL,
  `NAME_` varchar(255) COLLATE utf8_bin DEFAULT NULL,
  `PARENT_TASK_ID_` varchar(64) COLLATE utf8_bin DEFAULT NULL,
  `DESCRIPTION_` varchar(4000) COLLATE utf8_bin DEFAULT NULL,
  `OWNER_` varchar(255) COLLATE utf8_bin DEFAULT NULL,
  `ASSIGNEE_` varchar(255) COLLATE utf8_bin DEFAULT NULL,
  `START_TIME_` datetime(3) NOT NULL,
  `CLAIM_TIME_` datetime(3) DEFAULT NULL,
  `END_TIME_` datetime(3) DEFAULT NULL,
  `DURATION_` bigint(20) DEFAULT NULL,
  `DELETE_REASON_` varchar(4000) COLLATE utf8_bin DEFAULT NULL,
  `PRIORITY_` int(11) DEFAULT NULL,
  `DUE_DATE_` datetime(3) DEFAULT NULL,
  `FORM_KEY_` varchar(255) COLLATE utf8_bin DEFAULT NULL,
  `CATEGORY_` varchar(255) COLLATE utf8_bin DEFAULT NULL,
  `TENANT_ID_` varchar(255) COLLATE utf8_bin DEFAULT '',
  PRIMARY KEY (`ID_`),
  KEY `ACT_IDX_HI_TASK_INST_PROCINST` (`PROC_INST_ID_`)
) ENGINE=InnoDB DEFAULT CHARSET=utf8 COLLATE=utf8_bin;

-- ----------------------------
-- Records of act_hi_taskinst
-- ----------------------------
INSERT INTO `act_hi_taskinst` VALUES ('317531', 'sid-1DB6D7F1-95FE-8B9F-2C11-F24B55DC9520:1:317525', 'usertask1sid-1DB6D7F1-95FE-8B9F-2C11-F24B55DC9520', '317526', '317526', '用户节点', null, null, null, 'ceshi1', '2016-05-30 15:00:37.224', null, '2016-05-30 15:00:50.687', '13463', 'completed', '50', null, null, null, '');
INSERT INTO `act_hi_taskinst` VALUES ('317534', 'sid-1DB6D7F1-95FE-8B9F-2C11-F24B55DC9520:1:317525', 'usertask2sid-1DB6D7F1-95FE-8B9F-2C11-F24B55DC9520', '317526', '317526', '用户节点', null, null, null, 'ceshi1', '2016-05-30 15:00:50.700', null, '2016-05-30 15:01:32.396', '41696', 'completed', '50', null, null, null, '');
INSERT INTO `act_hi_taskinst` VALUES ('320006', 'sid-1DB6D7F1-95FE-8B9F-2C11-F24B55DC9520:1:317525', 'usertask1sid-1DB6D7F1-95FE-8B9F-2C11-F24B55DC9520', '320001', '320001', '用户节点', null, null, null, 'ceshi1', '2016-05-30 15:35:32.752', null, '2016-05-30 15:35:40.916', '8164', 'completed', '50', null, null, null, '');
INSERT INTO `act_hi_taskinst` VALUES ('320009', 'sid-1DB6D7F1-95FE-8B9F-2C11-F24B55DC9520:1:317525', 'usertask2sid-1DB6D7F1-95FE-8B9F-2C11-F24B55DC9520', '320001', '320001', '用户节点', null, null, null, 'ceshi1', '2016-05-30 15:35:40.933', null, '2016-05-30 16:08:45.126', '1984193', 'completed', '50', null, null, null, '');
INSERT INTO `act_hi_taskinst` VALUES ('322507', 'sid-1DB6D7F1-95FE-8B9F-2C11-F24B55DC9520:1:317525', 'usertask1sid-1DB6D7F1-95FE-8B9F-2C11-F24B55DC9520', '322502', '322502', '用户节点', null, null, null, 'ceshi1', '2016-05-30 16:09:52.305', null, '2016-05-30 16:09:55.047', '2742', 'completed', '50', null, null, null, '');
INSERT INTO `act_hi_taskinst` VALUES ('322510', 'sid-1DB6D7F1-95FE-8B9F-2C11-F24B55DC9520:1:317525', 'usertask2sid-1DB6D7F1-95FE-8B9F-2C11-F24B55DC9520', '322502', '322502', '用户节点', null, null, null, 'ceshi1', '2016-05-30 16:09:55.064', null, '2016-05-30 17:16:10.934', '3975870', 'completed', '50', null, null, null, '');
INSERT INTO `act_hi_taskinst` VALUES ('325007', 'sid-1DB6D7F1-95FE-8B9F-2C11-F24B55DC9520:1:317525', 'usertask1sid-1DB6D7F1-95FE-8B9F-2C11-F24B55DC9520', '325002', '325002', '用户节点', null, null, null, 'ceshi1', '2016-05-30 17:16:41.535', null, '2016-05-30 17:16:46.152', '4617', 'completed', '50', null, null, null, '');
INSERT INTO `act_hi_taskinst` VALUES ('325010', 'sid-1DB6D7F1-95FE-8B9F-2C11-F24B55DC9520:1:317525', 'usertask2sid-1DB6D7F1-95FE-8B9F-2C11-F24B55DC9520', '325002', '325002', '用户节点', null, null, null, 'ceshi1', '2016-05-30 17:16:46.171', null, '2016-05-30 17:30:34.414', '828243', 'completed', '50', null, null, null, '');
INSERT INTO `act_hi_taskinst` VALUES ('330010', 'sid-1DB6D7F1-95FE-8B9F-2C11-F24B55DC9520:1:317525', 'usertask1sid-1DB6D7F1-95FE-8B9F-2C11-F24B55DC9520', '330005', '330005', '用户节点', null, null, null, 'ceshi1', '2016-05-30 17:52:21.836', null, '2016-05-30 17:52:28.312', '6476', 'completed', '50', null, null, null, '');
INSERT INTO `act_hi_taskinst` VALUES ('330013', 'sid-1DB6D7F1-95FE-8B9F-2C11-F24B55DC9520:1:317525', 'usertask2sid-1DB6D7F1-95FE-8B9F-2C11-F24B55DC9520', '330005', '330005', '用户节点', null, null, null, 'ceshi1', '2016-05-30 17:52:28.330', null, '2016-05-30 17:52:42.764', '14434', 'completed', '50', null, null, null, '');
INSERT INTO `act_hi_taskinst` VALUES ('332510', 'sid-1DB6D7F1-95FE-8B9F-2C11-F24B55DC9520:1:317525', 'usertask1sid-1DB6D7F1-95FE-8B9F-2C11-F24B55DC9520', '332505', '332505', '用户节点', null, null, null, 'ceshi1', '2016-05-31 09:35:37.987', null, '2016-06-01 16:46:30.609', '112252622', 'completed', '50', null, null, null, '');
INSERT INTO `act_hi_taskinst` VALUES ('332517', 'sid-45296799-D231-872E-9570-B8FF2F3FD4ED:1:330004', 'usertask1sid-45296799-D231-872E-9570-B8FF2F3FD4ED', '332512', '332512', '用户节点', null, null, null, 'ceshi1', '2016-05-31 09:35:44.362', null, null, null, null, '50', null, null, null, '');
INSERT INTO `act_hi_taskinst` VALUES ('332531', 'sid-1DB6D7F1-95FE-8B9F-2C11-F24B55DC9520:1:317525', 'usertask1sid-1DB6D7F1-95FE-8B9F-2C11-F24B55DC9520', '332526', '332526', '用户节点', null, null, null, 'ceshi1', '2016-05-31 09:36:30.094', null, null, null, null, '50', null, null, null, '');
INSERT INTO `act_hi_taskinst` VALUES ('335006', 'sid-1DB6D7F1-95FE-8B9F-2C11-F24B55DC9520:1:317525', 'usertask1sid-1DB6D7F1-95FE-8B9F-2C11-F24B55DC9520', '335001', '335001', '用户节点', null, null, null, 'ceshi1', '2016-05-31 10:31:46.304', null, null, null, null, '50', null, null, null, '');
INSERT INTO `act_hi_taskinst` VALUES ('335020', 'sid-45296799-D231-872E-9570-B8FF2F3FD4ED:1:330004', 'usertask1sid-45296799-D231-872E-9570-B8FF2F3FD4ED', '335015', '335015', '用户节点', null, null, null, 'ceshi1', '2016-05-31 10:31:53.573', null, null, null, null, '50', null, null, null, '');
INSERT INTO `act_hi_taskinst` VALUES ('335036', 'sid-1DB6D7F1-95FE-8B9F-2C11-F24B55DC9520:1:317525', 'usertask1sid-1DB6D7F1-95FE-8B9F-2C11-F24B55DC9520', '335031', '335031', '用户节点', null, null, null, 'ceshi1', '2016-05-31 15:18:21.493', null, null, null, null, '50', null, null, null, '');
INSERT INTO `act_hi_taskinst` VALUES ('337506', 'sid-1DB6D7F1-95FE-8B9F-2C11-F24B55DC9520:1:317525', 'usertask1sid-1DB6D7F1-95FE-8B9F-2C11-F24B55DC9520', '337501', '337501', '用户节点', null, null, null, 'ceshi1', '2016-06-01 09:24:44.826', null, null, null, null, '50', null, null, null, '');
INSERT INTO `act_hi_taskinst` VALUES ('337513', 'sid-45296799-D231-872E-9570-B8FF2F3FD4ED:1:330004', 'usertask1sid-45296799-D231-872E-9570-B8FF2F3FD4ED', '337508', '337508', '用户节点', null, null, null, 'ceshi1', '2016-06-01 09:30:28.207', null, null, null, null, '50', null, null, null, '');
INSERT INTO `act_hi_taskinst` VALUES ('340014', 'sid-1DB6D7F1-95FE-8B9F-2C11-F24B55DC9520:1:317525', 'usertask1sid-1DB6D7F1-95FE-8B9F-2C11-F24B55DC9520', '340009', '340009', '用户节点', null, null, null, 'ceshi1', '2016-06-01 16:44:53.616', null, null, null, null, '50', null, null, null, '');
INSERT INTO `act_hi_taskinst` VALUES ('340021', 'sid-634A6AFE-30C3-E82F-4BFF-3D5E2CA90FC5:1:340008', 'usertask1sid-634A6AFE-30C3-E82F-4BFF-3D5E2CA90FC5', '340016', '340016', '主管审批', null, null, null, 'ceshi1', '2016-06-01 16:44:58.318', null, '2016-06-01 16:45:20.746', '22428', 'completed', '50', null, null, null, '');
INSERT INTO `act_hi_taskinst` VALUES ('340024', 'sid-634A6AFE-30C3-E82F-4BFF-3D5E2CA90FC5:1:340008', 'usertask2sid-634A6AFE-30C3-E82F-4BFF-3D5E2CA90FC5', '340016', '340016', '总经理审批', null, null, null, 'ceshi1', '2016-06-01 16:45:20.842', null, null, null, null, '50', null, null, null, '');
INSERT INTO `act_hi_taskinst` VALUES ('340026', 'sid-1DB6D7F1-95FE-8B9F-2C11-F24B55DC9520:1:317525', 'usertask2sid-1DB6D7F1-95FE-8B9F-2C11-F24B55DC9520', '332505', '332505', '用户节点', null, null, null, 'ceshi1', '2016-06-01 16:46:30.622', null, null, null, null, '50', null, null, null, '');

-- ----------------------------
-- Table structure for act_hi_varinst
-- ----------------------------
DROP TABLE IF EXISTS `act_hi_varinst`;
CREATE TABLE `act_hi_varinst` (
  `ID_` varchar(64) COLLATE utf8_bin NOT NULL,
  `PROC_INST_ID_` varchar(64) COLLATE utf8_bin DEFAULT NULL,
  `EXECUTION_ID_` varchar(64) COLLATE utf8_bin DEFAULT NULL,
  `TASK_ID_` varchar(64) COLLATE utf8_bin DEFAULT NULL,
  `NAME_` varchar(255) COLLATE utf8_bin NOT NULL,
  `VAR_TYPE_` varchar(100) COLLATE utf8_bin DEFAULT NULL,
  `REV_` int(11) DEFAULT NULL,
  `BYTEARRAY_ID_` varchar(64) COLLATE utf8_bin DEFAULT NULL,
  `DOUBLE_` double DEFAULT NULL,
  `LONG_` bigint(20) DEFAULT NULL,
  `TEXT_` varchar(4000) COLLATE utf8_bin DEFAULT NULL,
  `TEXT2_` varchar(4000) COLLATE utf8_bin DEFAULT NULL,
  `CREATE_TIME_` datetime(3) DEFAULT NULL,
  `LAST_UPDATED_TIME_` datetime(3) DEFAULT NULL,
  PRIMARY KEY (`ID_`),
  KEY `ACT_IDX_HI_PROCVAR_PROC_INST` (`PROC_INST_ID_`),
  KEY `ACT_IDX_HI_PROCVAR_NAME_TYPE` (`NAME_`,`VAR_TYPE_`),
  KEY `ACT_IDX_HI_PROCVAR_TASK_ID` (`TASK_ID_`)
) ENGINE=InnoDB DEFAULT CHARSET=utf8 COLLATE=utf8_bin;

-- ----------------------------
-- Records of act_hi_varinst
-- ----------------------------
INSERT INTO `act_hi_varinst` VALUES ('317527', '317526', '317526', null, 'initiator', 'string', '1', null, null, null, 'xiewl', null, '2016-05-30 15:00:37.221', '2016-05-30 15:01:32.438');
INSERT INTO `act_hi_varinst` VALUES ('317529', '317526', '317526', null, 'assignee', 'string', '1', null, null, null, 'ceshi1', null, '2016-05-30 15:00:37.222', '2016-05-30 15:01:32.439');
INSERT INTO `act_hi_varinst` VALUES ('320002', '320001', '320001', null, 'initiator', 'string', '1', null, null, null, 'xiewl', null, '2016-05-30 15:35:32.734', '2016-05-30 16:08:45.398');
INSERT INTO `act_hi_varinst` VALUES ('320004', '320001', '320001', null, 'assignee', 'string', '1', null, null, null, 'ceshi1', null, '2016-05-30 15:35:32.736', '2016-05-30 16:08:45.399');
INSERT INTO `act_hi_varinst` VALUES ('322503', '322502', '322502', null, 'initiator', 'string', '1', null, null, null, 'xiewl', null, '2016-05-30 16:09:52.300', '2016-05-30 17:16:11.077');
INSERT INTO `act_hi_varinst` VALUES ('322505', '322502', '322502', null, 'assignee', 'string', '1', null, null, null, 'ceshi1', null, '2016-05-30 16:09:52.302', '2016-05-30 17:16:11.077');
INSERT INTO `act_hi_varinst` VALUES ('325003', '325002', '325002', null, 'initiator', 'string', '1', null, null, null, 'xiewl', null, '2016-05-30 17:16:41.529', '2016-05-30 17:30:34.555');
INSERT INTO `act_hi_varinst` VALUES ('325005', '325002', '325002', null, 'assignee', 'string', '1', null, null, null, 'ceshi1', null, '2016-05-30 17:16:41.531', '2016-05-30 17:30:34.556');
INSERT INTO `act_hi_varinst` VALUES ('330006', '330005', '330005', null, 'initiator', 'string', '1', null, null, null, 'xiewl', null, '2016-05-30 17:52:21.818', '2016-05-30 17:52:42.791');
INSERT INTO `act_hi_varinst` VALUES ('330008', '330005', '330005', null, 'assignee', 'string', '1', null, null, null, 'ceshi1', null, '2016-05-30 17:52:21.820', '2016-05-30 17:52:42.792');
INSERT INTO `act_hi_varinst` VALUES ('332506', '332505', '332505', null, 'initiator', 'string', '0', null, null, null, 'xiewl', null, '2016-05-31 09:35:37.965', '2016-05-31 09:35:37.967');
INSERT INTO `act_hi_varinst` VALUES ('332508', '332505', '332505', null, 'assignee', 'string', '0', null, null, null, 'ceshi1', null, '2016-05-31 09:35:37.968', '2016-05-31 09:35:37.968');
INSERT INTO `act_hi_varinst` VALUES ('332513', '332512', '332512', null, 'initiator', 'string', '0', null, null, null, 'xiewl', null, '2016-05-31 09:35:44.358', '2016-05-31 09:35:44.359');
INSERT INTO `act_hi_varinst` VALUES ('332515', '332512', '332512', null, 'assignee', 'string', '0', null, null, null, 'ceshi1', null, '2016-05-31 09:35:44.360', '2016-05-31 09:35:44.360');
INSERT INTO `act_hi_varinst` VALUES ('332527', '332526', '332526', null, 'initiator', 'string', '0', null, null, null, 'xiewl', null, '2016-05-31 09:36:30.090', '2016-05-31 09:36:30.091');
INSERT INTO `act_hi_varinst` VALUES ('332529', '332526', '332526', null, 'assignee', 'string', '0', null, null, null, 'ceshi1', null, '2016-05-31 09:36:30.091', '2016-05-31 09:36:30.091');
INSERT INTO `act_hi_varinst` VALUES ('335002', '335001', '335001', null, 'initiator', 'string', '0', null, null, null, 'xiewl', null, '2016-05-31 10:31:46.285', '2016-05-31 10:31:46.288');
INSERT INTO `act_hi_varinst` VALUES ('335004', '335001', '335001', null, 'assignee', 'string', '0', null, null, null, 'ceshi1', null, '2016-05-31 10:31:46.288', '2016-05-31 10:31:46.288');
INSERT INTO `act_hi_varinst` VALUES ('335016', '335015', '335015', null, 'initiator', 'string', '0', null, null, null, 'xiewl', null, '2016-05-31 10:31:53.568', '2016-05-31 10:31:53.569');
INSERT INTO `act_hi_varinst` VALUES ('335018', '335015', '335015', null, 'assignee', 'string', '0', null, null, null, 'ceshi1', null, '2016-05-31 10:31:53.570', '2016-05-31 10:31:53.570');
INSERT INTO `act_hi_varinst` VALUES ('335032', '335031', '335031', null, 'initiator', 'string', '0', null, null, null, 'xiewl', null, '2016-05-31 15:18:21.490', '2016-05-31 15:18:21.491');
INSERT INTO `act_hi_varinst` VALUES ('335034', '335031', '335031', null, 'assignee', 'string', '0', null, null, null, 'ceshi1', null, '2016-05-31 15:18:21.491', '2016-05-31 15:18:21.491');
INSERT INTO `act_hi_varinst` VALUES ('337502', '337501', '337501', null, 'initiator', 'string', '0', null, null, null, 'xiewl', null, '2016-06-01 09:24:44.806', '2016-06-01 09:24:44.807');
INSERT INTO `act_hi_varinst` VALUES ('337504', '337501', '337501', null, 'assignee', 'string', '0', null, null, null, 'ceshi1', null, '2016-06-01 09:24:44.808', '2016-06-01 09:24:44.808');
INSERT INTO `act_hi_varinst` VALUES ('337509', '337508', '337508', null, 'initiator', 'string', '0', null, null, null, 'xiewl', null, '2016-06-01 09:30:28.204', '2016-06-01 09:30:28.205');
INSERT INTO `act_hi_varinst` VALUES ('337511', '337508', '337508', null, 'assignee', 'string', '0', null, null, null, 'ceshi1', null, '2016-06-01 09:30:28.205', '2016-06-01 09:30:28.205');
INSERT INTO `act_hi_varinst` VALUES ('340010', '340009', '340009', null, 'initiator', 'string', '0', null, null, null, 'xiewl', null, '2016-06-01 16:44:53.560', '2016-06-01 16:44:53.567');
INSERT INTO `act_hi_varinst` VALUES ('340012', '340009', '340009', null, 'assignee', 'string', '0', null, null, null, 'ceshi1', null, '2016-06-01 16:44:53.568', '2016-06-01 16:44:53.568');
INSERT INTO `act_hi_varinst` VALUES ('340017', '340016', '340016', null, 'initiator', 'string', '0', null, null, null, 'xiewl', null, '2016-06-01 16:44:58.312', '2016-06-01 16:44:58.314');
INSERT INTO `act_hi_varinst` VALUES ('340019', '340016', '340016', null, 'assignee', 'string', '0', null, null, null, 'ceshi1', null, '2016-06-01 16:44:58.314', '2016-06-01 16:44:58.314');

-- ----------------------------
-- Table structure for act_id_group
-- ----------------------------
DROP TABLE IF EXISTS `act_id_group`;
CREATE TABLE `act_id_group` (
  `ID_` varchar(64) COLLATE utf8_bin NOT NULL,
  `REV_` int(11) DEFAULT NULL,
  `NAME_` varchar(255) COLLATE utf8_bin DEFAULT NULL,
  `TYPE_` varchar(255) COLLATE utf8_bin DEFAULT NULL,
  PRIMARY KEY (`ID_`)
) ENGINE=InnoDB DEFAULT CHARSET=utf8 COLLATE=utf8_bin;

-- ----------------------------
-- Records of act_id_group
-- ----------------------------

-- ----------------------------
-- Table structure for act_id_info
-- ----------------------------
DROP TABLE IF EXISTS `act_id_info`;
CREATE TABLE `act_id_info` (
  `ID_` varchar(64) COLLATE utf8_bin NOT NULL,
  `REV_` int(11) DEFAULT NULL,
  `USER_ID_` varchar(64) COLLATE utf8_bin DEFAULT NULL,
  `TYPE_` varchar(64) COLLATE utf8_bin DEFAULT NULL,
  `KEY_` varchar(255) COLLATE utf8_bin DEFAULT NULL,
  `VALUE_` varchar(255) COLLATE utf8_bin DEFAULT NULL,
  `PASSWORD_` longblob,
  `PARENT_ID_` varchar(255) COLLATE utf8_bin DEFAULT NULL,
  PRIMARY KEY (`ID_`)
) ENGINE=InnoDB DEFAULT CHARSET=utf8 COLLATE=utf8_bin;

-- ----------------------------
-- Records of act_id_info
-- ----------------------------

-- ----------------------------
-- Table structure for act_id_membership
-- ----------------------------
DROP TABLE IF EXISTS `act_id_membership`;
CREATE TABLE `act_id_membership` (
  `USER_ID_` varchar(64) COLLATE utf8_bin NOT NULL,
  `GROUP_ID_` varchar(64) COLLATE utf8_bin NOT NULL,
  PRIMARY KEY (`USER_ID_`,`GROUP_ID_`),
  KEY `ACT_FK_MEMB_GROUP` (`GROUP_ID_`),
  CONSTRAINT `ACT_FK_MEMB_GROUP` FOREIGN KEY (`GROUP_ID_`) REFERENCES `act_id_group` (`ID_`),
  CONSTRAINT `ACT_FK_MEMB_USER` FOREIGN KEY (`USER_ID_`) REFERENCES `act_id_user` (`ID_`)
) ENGINE=InnoDB DEFAULT CHARSET=utf8 COLLATE=utf8_bin;

-- ----------------------------
-- Records of act_id_membership
-- ----------------------------

-- ----------------------------
-- Table structure for act_id_user
-- ----------------------------
DROP TABLE IF EXISTS `act_id_user`;
CREATE TABLE `act_id_user` (
  `ID_` varchar(64) COLLATE utf8_bin NOT NULL,
  `REV_` int(11) DEFAULT NULL,
  `FIRST_` varchar(255) COLLATE utf8_bin DEFAULT NULL,
  `LAST_` varchar(255) COLLATE utf8_bin DEFAULT NULL,
  `EMAIL_` varchar(255) COLLATE utf8_bin DEFAULT NULL,
  `PWD_` varchar(255) COLLATE utf8_bin DEFAULT NULL,
  `PICTURE_ID_` varchar(64) COLLATE utf8_bin DEFAULT NULL,
  PRIMARY KEY (`ID_`)
) ENGINE=InnoDB DEFAULT CHARSET=utf8 COLLATE=utf8_bin;

-- ----------------------------
-- Records of act_id_user
-- ----------------------------

-- ----------------------------
-- Table structure for act_procdef_info
-- ----------------------------
DROP TABLE IF EXISTS `act_procdef_info`;
CREATE TABLE `act_procdef_info` (
  `ID_` varchar(64) COLLATE utf8_bin NOT NULL,
  `PROC_DEF_ID_` varchar(64) COLLATE utf8_bin NOT NULL,
  `REV_` int(11) DEFAULT NULL,
  `INFO_JSON_ID_` varchar(64) COLLATE utf8_bin DEFAULT NULL,
  PRIMARY KEY (`ID_`),
  UNIQUE KEY `ACT_UNIQ_INFO_PROCDEF` (`PROC_DEF_ID_`),
  KEY `ACT_IDX_INFO_PROCDEF` (`PROC_DEF_ID_`),
  KEY `ACT_FK_INFO_JSON_BA` (`INFO_JSON_ID_`),
  CONSTRAINT `ACT_FK_INFO_JSON_BA` FOREIGN KEY (`INFO_JSON_ID_`) REFERENCES `act_ge_bytearray` (`ID_`),
  CONSTRAINT `ACT_FK_INFO_PROCDEF` FOREIGN KEY (`PROC_DEF_ID_`) REFERENCES `act_re_procdef` (`ID_`)
) ENGINE=InnoDB DEFAULT CHARSET=utf8 COLLATE=utf8_bin;

-- ----------------------------
-- Records of act_procdef_info
-- ----------------------------

-- ----------------------------
-- Table structure for act_re_deployment
-- ----------------------------
DROP TABLE IF EXISTS `act_re_deployment`;
CREATE TABLE `act_re_deployment` (
  `ID_` varchar(64) COLLATE utf8_bin NOT NULL,
  `NAME_` varchar(255) COLLATE utf8_bin DEFAULT NULL,
  `CATEGORY_` varchar(255) COLLATE utf8_bin DEFAULT NULL,
  `TENANT_ID_` varchar(255) COLLATE utf8_bin DEFAULT '',
  `DEPLOY_TIME_` timestamp(3) NOT NULL DEFAULT CURRENT_TIMESTAMP(3) ON UPDATE CURRENT_TIMESTAMP(3),
  PRIMARY KEY (`ID_`)
) ENGINE=InnoDB DEFAULT CHARSET=utf8 COLLATE=utf8_bin;

-- ----------------------------
-- Records of act_re_deployment
-- ----------------------------
INSERT INTO `act_re_deployment` VALUES ('222505', null, null, '', '2016-05-24 14:29:04.192');
INSERT INTO `act_re_deployment` VALUES ('222509', null, null, '', '2016-05-24 14:29:05.302');
INSERT INTO `act_re_deployment` VALUES ('317522', null, null, '', '2016-05-30 15:00:29.298');
INSERT INTO `act_re_deployment` VALUES ('330001', null, null, '', '2016-05-30 17:52:16.371');
INSERT INTO `act_re_deployment` VALUES ('340005', null, null, '', '2016-06-01 16:44:43.263');

-- ----------------------------
-- Table structure for act_re_model
-- ----------------------------
DROP TABLE IF EXISTS `act_re_model`;
CREATE TABLE `act_re_model` (
  `ID_` varchar(64) COLLATE utf8_bin NOT NULL,
  `REV_` int(11) DEFAULT NULL,
  `NAME_` varchar(255) COLLATE utf8_bin DEFAULT NULL,
  `KEY_` varchar(255) COLLATE utf8_bin DEFAULT NULL,
  `CATEGORY_` varchar(255) COLLATE utf8_bin DEFAULT NULL,
  `CREATE_TIME_` timestamp(3) NULL DEFAULT NULL,
  `LAST_UPDATE_TIME_` timestamp(3) NULL DEFAULT NULL,
  `VERSION_` int(11) DEFAULT NULL,
  `META_INFO_` varchar(4000) COLLATE utf8_bin DEFAULT NULL,
  `DEPLOYMENT_ID_` varchar(64) COLLATE utf8_bin DEFAULT NULL,
  `EDITOR_SOURCE_VALUE_ID_` varchar(64) COLLATE utf8_bin DEFAULT NULL,
  `EDITOR_SOURCE_EXTRA_VALUE_ID_` varchar(64) COLLATE utf8_bin DEFAULT NULL,
  `TENANT_ID_` varchar(255) COLLATE utf8_bin DEFAULT '',
  PRIMARY KEY (`ID_`),
  KEY `ACT_FK_MODEL_SOURCE` (`EDITOR_SOURCE_VALUE_ID_`),
  KEY `ACT_FK_MODEL_SOURCE_EXTRA` (`EDITOR_SOURCE_EXTRA_VALUE_ID_`),
  KEY `ACT_FK_MODEL_DEPLOYMENT` (`DEPLOYMENT_ID_`),
  CONSTRAINT `ACT_FK_MODEL_DEPLOYMENT` FOREIGN KEY (`DEPLOYMENT_ID_`) REFERENCES `act_re_deployment` (`ID_`),
  CONSTRAINT `ACT_FK_MODEL_SOURCE` FOREIGN KEY (`EDITOR_SOURCE_VALUE_ID_`) REFERENCES `act_ge_bytearray` (`ID_`),
  CONSTRAINT `ACT_FK_MODEL_SOURCE_EXTRA` FOREIGN KEY (`EDITOR_SOURCE_EXTRA_VALUE_ID_`) REFERENCES `act_ge_bytearray` (`ID_`)
) ENGINE=InnoDB DEFAULT CHARSET=utf8 COLLATE=utf8_bin;

-- ----------------------------
-- Records of act_re_model
-- ----------------------------

-- ----------------------------
-- Table structure for act_re_procdef
-- ----------------------------
DROP TABLE IF EXISTS `act_re_procdef`;
CREATE TABLE `act_re_procdef` (
  `ID_` varchar(64) COLLATE utf8_bin NOT NULL,
  `REV_` int(11) DEFAULT NULL,
  `CATEGORY_` varchar(255) COLLATE utf8_bin DEFAULT NULL,
  `NAME_` varchar(255) COLLATE utf8_bin DEFAULT NULL,
  `KEY_` varchar(255) COLLATE utf8_bin NOT NULL,
  `VERSION_` int(11) NOT NULL,
  `DEPLOYMENT_ID_` varchar(64) COLLATE utf8_bin DEFAULT NULL,
  `RESOURCE_NAME_` varchar(4000) COLLATE utf8_bin DEFAULT NULL,
  `DGRM_RESOURCE_NAME_` varchar(4000) COLLATE utf8_bin DEFAULT NULL,
  `DESCRIPTION_` varchar(4000) COLLATE utf8_bin DEFAULT NULL,
  `HAS_START_FORM_KEY_` tinyint(4) DEFAULT NULL,
  `HAS_GRAPHICAL_NOTATION_` tinyint(4) DEFAULT NULL,
  `SUSPENSION_STATE_` int(11) DEFAULT NULL,
  `TENANT_ID_` varchar(255) COLLATE utf8_bin DEFAULT '',
  PRIMARY KEY (`ID_`),
  UNIQUE KEY `ACT_UNIQ_PROCDEF` (`KEY_`,`VERSION_`,`TENANT_ID_`)
) ENGINE=InnoDB DEFAULT CHARSET=utf8 COLLATE=utf8_bin;

-- ----------------------------
-- Records of act_re_procdef
-- ----------------------------
INSERT INTO `act_re_procdef` VALUES ('sid-1DB6D7F1-95FE-8B9F-2C11-F24B55DC9520:1:317525', '1', 'http://activiti.org/bpmn20', '流程设计', 'sid-1DB6D7F1-95FE-8B9F-2C11-F24B55DC9520', '1', '317522', 'D56C5476-57BB-4839-9158-AD80F40183D0Process.bpmn', 'D56C5476-57BB-4839-9158-AD80F40183D0Process.sid-1DB6D7F1-95FE-8B9F-2C11-F24B55DC9520.png', null, '0', '1', '1', '');
INSERT INTO `act_re_procdef` VALUES ('sid-45296799-D231-872E-9570-B8FF2F3FD4ED:1:330004', '1', 'http://activiti.org/bpmn20', '流程设计', 'sid-45296799-D231-872E-9570-B8FF2F3FD4ED', '1', '330001', '8F4128EB-8F6C-433D-9D2C-212D776DDB65Process.bpmn', '8F4128EB-8F6C-433D-9D2C-212D776DDB65Process.sid-45296799-D231-872E-9570-B8FF2F3FD4ED.png', null, '0', '1', '1', '');
INSERT INTO `act_re_procdef` VALUES ('sid-634A6AFE-30C3-E82F-4BFF-3D5E2CA90FC5:1:340008', '1', 'http://activiti.org/bpmn20', '流程设计', 'sid-634A6AFE-30C3-E82F-4BFF-3D5E2CA90FC5', '1', '340005', 'D3CA826A-0741-4F92-B09E-EB4711585D2FProcess.bpmn', 'D3CA826A-0741-4F92-B09E-EB4711585D2FProcess.sid-634A6AFE-30C3-E82F-4BFF-3D5E2CA90FC5.png', null, '0', '1', '1', '');

-- ----------------------------
-- Table structure for act_ru_event_subscr
-- ----------------------------
DROP TABLE IF EXISTS `act_ru_event_subscr`;
CREATE TABLE `act_ru_event_subscr` (
  `ID_` varchar(64) COLLATE utf8_bin NOT NULL,
  `REV_` int(11) DEFAULT NULL,
  `EVENT_TYPE_` varchar(255) COLLATE utf8_bin NOT NULL,
  `EVENT_NAME_` varchar(255) COLLATE utf8_bin DEFAULT NULL,
  `EXECUTION_ID_` varchar(64) COLLATE utf8_bin DEFAULT NULL,
  `PROC_INST_ID_` varchar(64) COLLATE utf8_bin DEFAULT NULL,
  `ACTIVITY_ID_` varchar(64) COLLATE utf8_bin DEFAULT NULL,
  `CONFIGURATION_` varchar(255) COLLATE utf8_bin DEFAULT NULL,
  `CREATED_` timestamp(3) NOT NULL DEFAULT CURRENT_TIMESTAMP(3),
  `PROC_DEF_ID_` varchar(64) COLLATE utf8_bin DEFAULT NULL,
  `TENANT_ID_` varchar(255) COLLATE utf8_bin DEFAULT '',
  PRIMARY KEY (`ID_`),
  KEY `ACT_IDX_EVENT_SUBSCR_CONFIG_` (`CONFIGURATION_`),
  KEY `ACT_FK_EVENT_EXEC` (`EXECUTION_ID_`),
  CONSTRAINT `ACT_FK_EVENT_EXEC` FOREIGN KEY (`EXECUTION_ID_`) REFERENCES `act_ru_execution` (`ID_`)
) ENGINE=InnoDB DEFAULT CHARSET=utf8 COLLATE=utf8_bin;

-- ----------------------------
-- Records of act_ru_event_subscr
-- ----------------------------

-- ----------------------------
-- Table structure for act_ru_execution
-- ----------------------------
DROP TABLE IF EXISTS `act_ru_execution`;
CREATE TABLE `act_ru_execution` (
  `ID_` varchar(64) COLLATE utf8_bin NOT NULL,
  `REV_` int(11) DEFAULT NULL,
  `PROC_INST_ID_` varchar(64) COLLATE utf8_bin DEFAULT NULL,
  `BUSINESS_KEY_` varchar(255) COLLATE utf8_bin DEFAULT NULL,
  `PARENT_ID_` varchar(64) COLLATE utf8_bin DEFAULT NULL,
  `PROC_DEF_ID_` varchar(64) COLLATE utf8_bin DEFAULT NULL,
  `SUPER_EXEC_` varchar(64) COLLATE utf8_bin DEFAULT NULL,
  `ACT_ID_` varchar(255) COLLATE utf8_bin DEFAULT NULL,
  `IS_ACTIVE_` tinyint(4) DEFAULT NULL,
  `IS_CONCURRENT_` tinyint(4) DEFAULT NULL,
  `IS_SCOPE_` tinyint(4) DEFAULT NULL,
  `IS_EVENT_SCOPE_` tinyint(4) DEFAULT NULL,
  `SUSPENSION_STATE_` int(11) DEFAULT NULL,
  `CACHED_ENT_STATE_` int(11) DEFAULT NULL,
  `TENANT_ID_` varchar(255) COLLATE utf8_bin DEFAULT '',
  `NAME_` varchar(255) COLLATE utf8_bin DEFAULT NULL,
  `LOCK_TIME_` timestamp(3) NULL DEFAULT NULL,
  `Formkey` varchar(64) COLLATE utf8_bin DEFAULT NULL,
  PRIMARY KEY (`ID_`),
  KEY `ACT_IDX_EXEC_BUSKEY` (`BUSINESS_KEY_`),
  KEY `ACT_FK_EXE_PROCINST` (`PROC_INST_ID_`),
  KEY `ACT_FK_EXE_PARENT` (`PARENT_ID_`),
  KEY `ACT_FK_EXE_SUPER` (`SUPER_EXEC_`),
  KEY `ACT_FK_EXE_PROCDEF` (`PROC_DEF_ID_`),
  CONSTRAINT `ACT_FK_EXE_PARENT` FOREIGN KEY (`PARENT_ID_`) REFERENCES `act_ru_execution` (`ID_`),
  CONSTRAINT `ACT_FK_EXE_PROCDEF` FOREIGN KEY (`PROC_DEF_ID_`) REFERENCES `act_re_procdef` (`ID_`),
  CONSTRAINT `ACT_FK_EXE_PROCINST` FOREIGN KEY (`PROC_INST_ID_`) REFERENCES `act_ru_execution` (`ID_`) ON DELETE CASCADE ON UPDATE CASCADE,
  CONSTRAINT `ACT_FK_EXE_SUPER` FOREIGN KEY (`SUPER_EXEC_`) REFERENCES `act_ru_execution` (`ID_`)
) ENGINE=InnoDB DEFAULT CHARSET=utf8 COLLATE=utf8_bin;

-- ----------------------------
-- Records of act_ru_execution
-- ----------------------------
INSERT INTO `act_ru_execution` VALUES ('332505', '2', '332505', null, null, 'sid-1DB6D7F1-95FE-8B9F-2C11-F24B55DC9520:1:317525', null, 'usertask2sid-1DB6D7F1-95FE-8B9F-2C11-F24B55DC9520', '1', '0', '1', '0', '1', '2', '', null, null, null);
INSERT INTO `act_ru_execution` VALUES ('332512', '1', '332512', null, null, 'sid-45296799-D231-872E-9570-B8FF2F3FD4ED:1:330004', null, 'usertask1sid-45296799-D231-872E-9570-B8FF2F3FD4ED', '1', '0', '1', '0', '1', '2', '', null, null, null);
INSERT INTO `act_ru_execution` VALUES ('332526', '1', '332526', null, null, 'sid-1DB6D7F1-95FE-8B9F-2C11-F24B55DC9520:1:317525', null, 'usertask1sid-1DB6D7F1-95FE-8B9F-2C11-F24B55DC9520', '1', '0', '1', '0', '1', '2', '', null, null, null);
INSERT INTO `act_ru_execution` VALUES ('335001', '1', '335001', null, null, 'sid-1DB6D7F1-95FE-8B9F-2C11-F24B55DC9520:1:317525', null, 'usertask1sid-1DB6D7F1-95FE-8B9F-2C11-F24B55DC9520', '1', '0', '1', '0', '1', '2', '', null, null, null);
INSERT INTO `act_ru_execution` VALUES ('335015', '1', '335015', null, null, 'sid-45296799-D231-872E-9570-B8FF2F3FD4ED:1:330004', null, 'usertask1sid-45296799-D231-872E-9570-B8FF2F3FD4ED', '1', '0', '1', '0', '1', '2', '', null, null, null);
INSERT INTO `act_ru_execution` VALUES ('335031', '1', '335031', null, null, 'sid-1DB6D7F1-95FE-8B9F-2C11-F24B55DC9520:1:317525', null, 'usertask1sid-1DB6D7F1-95FE-8B9F-2C11-F24B55DC9520', '1', '0', '1', '0', '1', '2', '', null, null, null);
INSERT INTO `act_ru_execution` VALUES ('337501', '1', '337501', null, null, 'sid-1DB6D7F1-95FE-8B9F-2C11-F24B55DC9520:1:317525', null, 'usertask1sid-1DB6D7F1-95FE-8B9F-2C11-F24B55DC9520', '1', '0', '1', '0', '1', '2', '', null, null, null);
INSERT INTO `act_ru_execution` VALUES ('337508', '1', '337508', null, null, 'sid-45296799-D231-872E-9570-B8FF2F3FD4ED:1:330004', null, 'usertask1sid-45296799-D231-872E-9570-B8FF2F3FD4ED', '1', '0', '1', '0', '1', '2', '', null, null, null);
INSERT INTO `act_ru_execution` VALUES ('340009', '1', '340009', null, null, 'sid-1DB6D7F1-95FE-8B9F-2C11-F24B55DC9520:1:317525', null, 'usertask1sid-1DB6D7F1-95FE-8B9F-2C11-F24B55DC9520', '1', '0', '1', '0', '1', '2', '', null, null, null);
INSERT INTO `act_ru_execution` VALUES ('340016', '2', '340016', null, null, 'sid-634A6AFE-30C3-E82F-4BFF-3D5E2CA90FC5:1:340008', null, 'usertask2sid-634A6AFE-30C3-E82F-4BFF-3D5E2CA90FC5', '1', '0', '1', '0', '1', '2', '', null, null, null);

-- ----------------------------
-- Table structure for act_ru_identitylink
-- ----------------------------
DROP TABLE IF EXISTS `act_ru_identitylink`;
CREATE TABLE `act_ru_identitylink` (
  `ID_` varchar(64) COLLATE utf8_bin NOT NULL,
  `REV_` int(11) DEFAULT NULL,
  `GROUP_ID_` varchar(255) COLLATE utf8_bin DEFAULT NULL,
  `TYPE_` varchar(255) COLLATE utf8_bin DEFAULT NULL,
  `USER_ID_` varchar(255) COLLATE utf8_bin DEFAULT NULL,
  `TASK_ID_` varchar(64) COLLATE utf8_bin DEFAULT NULL,
  `PROC_INST_ID_` varchar(64) COLLATE utf8_bin DEFAULT NULL,
  `PROC_DEF_ID_` varchar(64) COLLATE utf8_bin DEFAULT NULL,
  PRIMARY KEY (`ID_`),
  KEY `ACT_IDX_IDENT_LNK_USER` (`USER_ID_`),
  KEY `ACT_IDX_IDENT_LNK_GROUP` (`GROUP_ID_`),
  KEY `ACT_IDX_ATHRZ_PROCEDEF` (`PROC_DEF_ID_`),
  KEY `ACT_FK_TSKASS_TASK` (`TASK_ID_`),
  KEY `ACT_FK_IDL_PROCINST` (`PROC_INST_ID_`),
  CONSTRAINT `ACT_FK_ATHRZ_PROCEDEF` FOREIGN KEY (`PROC_DEF_ID_`) REFERENCES `act_re_procdef` (`ID_`),
  CONSTRAINT `ACT_FK_IDL_PROCINST` FOREIGN KEY (`PROC_INST_ID_`) REFERENCES `act_ru_execution` (`ID_`),
  CONSTRAINT `ACT_FK_TSKASS_TASK` FOREIGN KEY (`TASK_ID_`) REFERENCES `act_ru_task` (`ID_`)
) ENGINE=InnoDB DEFAULT CHARSET=utf8 COLLATE=utf8_bin;

-- ----------------------------
-- Records of act_ru_identitylink
-- ----------------------------
INSERT INTO `act_ru_identitylink` VALUES ('332511', '1', null, 'participant', 'ceshi1', null, '332505', null);
INSERT INTO `act_ru_identitylink` VALUES ('332518', '1', null, 'participant', 'ceshi1', null, '332512', null);
INSERT INTO `act_ru_identitylink` VALUES ('332532', '1', null, 'participant', 'ceshi1', null, '332526', null);
INSERT INTO `act_ru_identitylink` VALUES ('335007', '1', null, 'participant', 'ceshi1', null, '335001', null);
INSERT INTO `act_ru_identitylink` VALUES ('335021', '1', null, 'participant', 'ceshi1', null, '335015', null);
INSERT INTO `act_ru_identitylink` VALUES ('335037', '1', null, 'participant', 'ceshi1', null, '335031', null);
INSERT INTO `act_ru_identitylink` VALUES ('337507', '1', null, 'participant', 'ceshi1', null, '337501', null);
INSERT INTO `act_ru_identitylink` VALUES ('337514', '1', null, 'participant', 'ceshi1', null, '337508', null);
INSERT INTO `act_ru_identitylink` VALUES ('340015', '1', null, 'participant', 'ceshi1', null, '340009', null);
INSERT INTO `act_ru_identitylink` VALUES ('340022', '1', null, 'participant', 'ceshi1', null, '340016', null);

-- ----------------------------
-- Table structure for act_ru_job
-- ----------------------------
DROP TABLE IF EXISTS `act_ru_job`;
CREATE TABLE `act_ru_job` (
  `ID_` varchar(64) COLLATE utf8_bin NOT NULL,
  `REV_` int(11) DEFAULT NULL,
  `TYPE_` varchar(255) COLLATE utf8_bin NOT NULL,
  `LOCK_EXP_TIME_` timestamp(3) NULL DEFAULT NULL,
  `LOCK_OWNER_` varchar(255) COLLATE utf8_bin DEFAULT NULL,
  `EXCLUSIVE_` tinyint(1) DEFAULT NULL,
  `EXECUTION_ID_` varchar(64) COLLATE utf8_bin DEFAULT NULL,
  `PROCESS_INSTANCE_ID_` varchar(64) COLLATE utf8_bin DEFAULT NULL,
  `PROC_DEF_ID_` varchar(64) COLLATE utf8_bin DEFAULT NULL,
  `RETRIES_` int(11) DEFAULT NULL,
  `EXCEPTION_STACK_ID_` varchar(64) COLLATE utf8_bin DEFAULT NULL,
  `EXCEPTION_MSG_` varchar(4000) COLLATE utf8_bin DEFAULT NULL,
  `DUEDATE_` timestamp(3) NULL DEFAULT NULL,
  `REPEAT_` varchar(255) COLLATE utf8_bin DEFAULT NULL,
  `HANDLER_TYPE_` varchar(255) COLLATE utf8_bin DEFAULT NULL,
  `HANDLER_CFG_` varchar(4000) COLLATE utf8_bin DEFAULT NULL,
  `TENANT_ID_` varchar(255) COLLATE utf8_bin DEFAULT '',
  PRIMARY KEY (`ID_`),
  KEY `ACT_FK_JOB_EXCEPTION` (`EXCEPTION_STACK_ID_`),
  CONSTRAINT `ACT_FK_JOB_EXCEPTION` FOREIGN KEY (`EXCEPTION_STACK_ID_`) REFERENCES `act_ge_bytearray` (`ID_`)
) ENGINE=InnoDB DEFAULT CHARSET=utf8 COLLATE=utf8_bin;

-- ----------------------------
-- Records of act_ru_job
-- ----------------------------

-- ----------------------------
-- Table structure for act_ru_task
-- ----------------------------
DROP TABLE IF EXISTS `act_ru_task`;
CREATE TABLE `act_ru_task` (
  `ID_` varchar(64) COLLATE utf8_bin NOT NULL DEFAULT '',
  `REV_` int(11) DEFAULT NULL,
  `EXECUTION_ID_` varchar(64) COLLATE utf8_bin DEFAULT NULL,
  `PROC_INST_ID_` varchar(64) COLLATE utf8_bin DEFAULT NULL,
  `PROC_DEF_ID_` varchar(64) COLLATE utf8_bin DEFAULT NULL,
  `NAME_` varchar(255) COLLATE utf8_bin DEFAULT NULL,
  `PARENT_TASK_ID_` varchar(64) COLLATE utf8_bin DEFAULT NULL,
  `DESCRIPTION_` varchar(4000) COLLATE utf8_bin DEFAULT NULL,
  `TASK_DEF_KEY_` varchar(255) COLLATE utf8_bin DEFAULT NULL,
  `OWNER_` varchar(255) COLLATE utf8_bin DEFAULT NULL,
  `ASSIGNEE_` varchar(255) COLLATE utf8_bin DEFAULT NULL,
  `DELEGATION_` varchar(64) COLLATE utf8_bin DEFAULT NULL,
  `PRIORITY_` int(11) DEFAULT NULL,
  `CREATE_TIME_` timestamp(3) NOT NULL DEFAULT CURRENT_TIMESTAMP(3) ON UPDATE CURRENT_TIMESTAMP(3),
  `DUE_DATE_` datetime(3) DEFAULT NULL,
  `CATEGORY_` varchar(255) COLLATE utf8_bin DEFAULT NULL,
  `SUSPENSION_STATE_` int(11) DEFAULT NULL,
  `TENANT_ID_` varchar(255) COLLATE utf8_bin DEFAULT '',
  `FORM_KEY_` varchar(255) COLLATE utf8_bin DEFAULT NULL,
  `InstantiationFormKey` int(11) DEFAULT NULL,
  PRIMARY KEY (`ID_`),
  KEY `ACT_IDX_TASK_CREATE` (`CREATE_TIME_`),
  KEY `ACT_FK_TASK_EXE` (`EXECUTION_ID_`),
  KEY `ACT_FK_TASK_PROCINST` (`PROC_INST_ID_`),
  KEY `ACT_FK_TASK_PROCDEF` (`PROC_DEF_ID_`),
  CONSTRAINT `ACT_FK_TASK_EXE` FOREIGN KEY (`EXECUTION_ID_`) REFERENCES `act_ru_execution` (`ID_`),
  CONSTRAINT `ACT_FK_TASK_PROCDEF` FOREIGN KEY (`PROC_DEF_ID_`) REFERENCES `act_re_procdef` (`ID_`),
  CONSTRAINT `ACT_FK_TASK_PROCINST` FOREIGN KEY (`PROC_INST_ID_`) REFERENCES `act_ru_execution` (`ID_`)
) ENGINE=InnoDB DEFAULT CHARSET=utf8 COLLATE=utf8_bin;

-- ----------------------------
-- Records of act_ru_task
-- ----------------------------
INSERT INTO `act_ru_task` VALUES ('332517', '1', '332512', '332512', 'sid-45296799-D231-872E-9570-B8FF2F3FD4ED:1:330004', '用户节点', null, null, 'usertask1sid-45296799-D231-872E-9570-B8FF2F3FD4ED', null, 'ceshi1', null, '50', '2016-05-31 09:35:44.362', null, null, '1', '', null, null);
INSERT INTO `act_ru_task` VALUES ('332531', '1', '332526', '332526', 'sid-1DB6D7F1-95FE-8B9F-2C11-F24B55DC9520:1:317525', '用户节点', null, null, 'usertask1sid-1DB6D7F1-95FE-8B9F-2C11-F24B55DC9520', null, 'ceshi1', null, '50', '2016-05-31 09:36:30.094', null, null, '1', '', null, null);
INSERT INTO `act_ru_task` VALUES ('335006', '1', '335001', '335001', 'sid-1DB6D7F1-95FE-8B9F-2C11-F24B55DC9520:1:317525', '用户节点', null, null, 'usertask1sid-1DB6D7F1-95FE-8B9F-2C11-F24B55DC9520', null, 'ceshi1', null, '50', '2016-05-31 10:31:46.304', null, null, '1', '', null, null);
INSERT INTO `act_ru_task` VALUES ('335020', '1', '335015', '335015', 'sid-45296799-D231-872E-9570-B8FF2F3FD4ED:1:330004', '用户节点', null, null, 'usertask1sid-45296799-D231-872E-9570-B8FF2F3FD4ED', null, 'ceshi1', null, '50', '2016-05-31 10:31:53.573', null, null, '1', '', null, null);
INSERT INTO `act_ru_task` VALUES ('335036', '1', '335031', '335031', 'sid-1DB6D7F1-95FE-8B9F-2C11-F24B55DC9520:1:317525', '用户节点', null, null, 'usertask1sid-1DB6D7F1-95FE-8B9F-2C11-F24B55DC9520', null, 'ceshi1', null, '50', '2016-05-31 15:18:21.493', null, null, '1', '', null, null);
INSERT INTO `act_ru_task` VALUES ('337506', '1', '337501', '337501', 'sid-1DB6D7F1-95FE-8B9F-2C11-F24B55DC9520:1:317525', '用户节点', null, null, 'usertask1sid-1DB6D7F1-95FE-8B9F-2C11-F24B55DC9520', null, 'ceshi1', null, '50', '2016-06-01 09:24:44.825', null, null, '1', '', null, null);
INSERT INTO `act_ru_task` VALUES ('337513', '1', '337508', '337508', 'sid-45296799-D231-872E-9570-B8FF2F3FD4ED:1:330004', '用户节点', null, null, 'usertask1sid-45296799-D231-872E-9570-B8FF2F3FD4ED', null, 'ceshi1', null, '50', '2016-06-01 09:30:28.207', null, null, '1', '', null, null);
INSERT INTO `act_ru_task` VALUES ('340014', '1', '340009', '340009', 'sid-1DB6D7F1-95FE-8B9F-2C11-F24B55DC9520:1:317525', '用户节点', null, null, 'usertask1sid-1DB6D7F1-95FE-8B9F-2C11-F24B55DC9520', null, 'ceshi1', null, '50', '2016-06-01 16:44:53.616', null, null, '1', '', null, null);
INSERT INTO `act_ru_task` VALUES ('340024', '1', '340016', '340016', 'sid-634A6AFE-30C3-E82F-4BFF-3D5E2CA90FC5:1:340008', '总经理审批', null, null, 'usertask2sid-634A6AFE-30C3-E82F-4BFF-3D5E2CA90FC5', null, 'ceshi1', null, '50', '2016-06-01 16:45:20.841', null, null, '1', '', null, null);
INSERT INTO `act_ru_task` VALUES ('340026', '1', '332505', '332505', 'sid-1DB6D7F1-95FE-8B9F-2C11-F24B55DC9520:1:317525', '用户节点', null, null, 'usertask2sid-1DB6D7F1-95FE-8B9F-2C11-F24B55DC9520', null, 'ceshi1', null, '50', '2016-06-01 16:46:30.622', null, null, '1', '', null, null);

-- ----------------------------
-- Table structure for act_ru_var
-- ----------------------------
DROP TABLE IF EXISTS `act_ru_var`;
CREATE TABLE `act_ru_var` (
  `ID` int(11) NOT NULL AUTO_INCREMENT,
  `Name` varchar(255) DEFAULT NULL,
  `Value` varchar(255) DEFAULT NULL,
  `PROC_INST_ID` varchar(255) DEFAULT NULL,
  PRIMARY KEY (`ID`)
) ENGINE=InnoDB AUTO_INCREMENT=43 DEFAULT CHARSET=utf8;

-- ----------------------------
-- Records of act_ru_var
-- ----------------------------
INSERT INTO `act_ru_var` VALUES ('29', 'radioField', 'option1', '8');
INSERT INTO `act_ru_var` VALUES ('30', 'Name', '钱云飞', '290039');
INSERT INTO `act_ru_var` VALUES ('31', 'NAME', 'EWQEQWEQWE', '292511');
INSERT INTO `act_ru_var` VALUES ('32', 'NAME', 'DSGDHSGFSFSFD', '292523');
INSERT INTO `act_ru_var` VALUES ('33', 'name', '4545445', '305001');
INSERT INTO `act_ru_var` VALUES ('34', 'NAME', '54', '302505');
INSERT INTO `act_ru_var` VALUES ('35', 'name', '545', '302512');
INSERT INTO `act_ru_var` VALUES ('36', 'name', '545', '312501');
INSERT INTO `act_ru_var` VALUES ('37', 'name', '455454', '315005');
INSERT INTO `act_ru_var` VALUES ('38', 'name', '12', '320001');
INSERT INTO `act_ru_var` VALUES ('39', 'name', '21', '322502');
INSERT INTO `act_ru_var` VALUES ('40', 'name', '测试66', '325002');
INSERT INTO `act_ru_var` VALUES ('41', 'name', '788', '330005');
INSERT INTO `act_ru_var` VALUES ('42', '申请人', '455', '340016');

-- ----------------------------
-- Table structure for act_ru_variable
-- ----------------------------
DROP TABLE IF EXISTS `act_ru_variable`;
CREATE TABLE `act_ru_variable` (
  `ID_` varchar(64) COLLATE utf8_bin NOT NULL,
  `REV_` int(11) DEFAULT NULL,
  `TYPE_` varchar(255) COLLATE utf8_bin NOT NULL,
  `NAME_` varchar(255) COLLATE utf8_bin NOT NULL,
  `EXECUTION_ID_` varchar(64) COLLATE utf8_bin DEFAULT NULL,
  `PROC_INST_ID_` varchar(64) COLLATE utf8_bin DEFAULT NULL,
  `TASK_ID_` varchar(64) COLLATE utf8_bin DEFAULT NULL,
  `BYTEARRAY_ID_` varchar(64) COLLATE utf8_bin DEFAULT NULL,
  `DOUBLE_` double DEFAULT NULL,
  `LONG_` bigint(20) DEFAULT NULL,
  `TEXT_` varchar(4000) COLLATE utf8_bin DEFAULT NULL,
  `TEXT2_` varchar(4000) COLLATE utf8_bin DEFAULT NULL,
  PRIMARY KEY (`ID_`),
  KEY `ACT_IDX_VARIABLE_TASK_ID` (`TASK_ID_`),
  KEY `ACT_FK_VAR_EXE` (`EXECUTION_ID_`),
  KEY `ACT_FK_VAR_PROCINST` (`PROC_INST_ID_`),
  KEY `ACT_FK_VAR_BYTEARRAY` (`BYTEARRAY_ID_`),
  CONSTRAINT `ACT_FK_VAR_BYTEARRAY` FOREIGN KEY (`BYTEARRAY_ID_`) REFERENCES `act_ge_bytearray` (`ID_`),
  CONSTRAINT `ACT_FK_VAR_EXE` FOREIGN KEY (`EXECUTION_ID_`) REFERENCES `act_ru_execution` (`ID_`),
  CONSTRAINT `ACT_FK_VAR_PROCINST` FOREIGN KEY (`PROC_INST_ID_`) REFERENCES `act_ru_execution` (`ID_`)
) ENGINE=InnoDB DEFAULT CHARSET=utf8 COLLATE=utf8_bin;

-- ----------------------------
-- Records of act_ru_variable
-- ----------------------------
INSERT INTO `act_ru_variable` VALUES ('332506', '1', 'string', 'initiator', '332505', '332505', null, null, null, null, 'xiewl', null);
INSERT INTO `act_ru_variable` VALUES ('332508', '1', 'string', 'assignee', '332505', '332505', null, null, null, null, 'ceshi1', null);
INSERT INTO `act_ru_variable` VALUES ('332513', '1', 'string', 'initiator', '332512', '332512', null, null, null, null, 'xiewl', null);
INSERT INTO `act_ru_variable` VALUES ('332515', '1', 'string', 'assignee', '332512', '332512', null, null, null, null, 'ceshi1', null);
INSERT INTO `act_ru_variable` VALUES ('332527', '1', 'string', 'initiator', '332526', '332526', null, null, null, null, 'xiewl', null);
INSERT INTO `act_ru_variable` VALUES ('332529', '1', 'string', 'assignee', '332526', '332526', null, null, null, null, 'ceshi1', null);
INSERT INTO `act_ru_variable` VALUES ('335002', '1', 'string', 'initiator', '335001', '335001', null, null, null, null, 'xiewl', null);
INSERT INTO `act_ru_variable` VALUES ('335004', '1', 'string', 'assignee', '335001', '335001', null, null, null, null, 'ceshi1', null);
INSERT INTO `act_ru_variable` VALUES ('335016', '1', 'string', 'initiator', '335015', '335015', null, null, null, null, 'xiewl', null);
INSERT INTO `act_ru_variable` VALUES ('335018', '1', 'string', 'assignee', '335015', '335015', null, null, null, null, 'ceshi1', null);
INSERT INTO `act_ru_variable` VALUES ('335032', '1', 'string', 'initiator', '335031', '335031', null, null, null, null, 'xiewl', null);
INSERT INTO `act_ru_variable` VALUES ('335034', '1', 'string', 'assignee', '335031', '335031', null, null, null, null, 'ceshi1', null);
INSERT INTO `act_ru_variable` VALUES ('337502', '1', 'string', 'initiator', '337501', '337501', null, null, null, null, 'xiewl', null);
INSERT INTO `act_ru_variable` VALUES ('337504', '1', 'string', 'assignee', '337501', '337501', null, null, null, null, 'ceshi1', null);
INSERT INTO `act_ru_variable` VALUES ('337509', '1', 'string', 'initiator', '337508', '337508', null, null, null, null, 'xiewl', null);
INSERT INTO `act_ru_variable` VALUES ('337511', '1', 'string', 'assignee', '337508', '337508', null, null, null, null, 'ceshi1', null);
INSERT INTO `act_ru_variable` VALUES ('340010', '1', 'string', 'initiator', '340009', '340009', null, null, null, null, 'xiewl', null);
INSERT INTO `act_ru_variable` VALUES ('340012', '1', 'string', 'assignee', '340009', '340009', null, null, null, null, 'ceshi1', null);
INSERT INTO `act_ru_variable` VALUES ('340017', '1', 'string', 'initiator', '340016', '340016', null, null, null, null, 'xiewl', null);
INSERT INTO `act_ru_variable` VALUES ('340019', '1', 'string', 'assignee', '340016', '340016', null, null, null, null, 'ceshi1', null);

-- ----------------------------
-- Table structure for coustom_condition
-- ----------------------------
DROP TABLE IF EXISTS `coustom_condition`;
CREATE TABLE `coustom_condition` (
  `ID` int(11) DEFAULT NULL,
  `NODE_ID` varchar(100) DEFAULT NULL,
  `SEQUENCE_FLOW_ID` varchar(100) DEFAULT NULL,
  `FILED_NAME` varchar(100) DEFAULT NULL,
  `SYSBOLS` varchar(255) DEFAULT NULL,
  `FILED_VALUE` varchar(255) DEFAULT NULL,
  `VAR_TYPE` varchar(255) DEFAULT NULL,
  `STATUS` bit(1) DEFAULT NULL,
  `CREATE-TIME` datetime DEFAULT NULL,
  `UPDATE_TIME` datetime DEFAULT NULL
) ENGINE=InnoDB DEFAULT CHARSET=utf8;

-- ----------------------------
-- Records of coustom_condition
-- ----------------------------

-- ----------------------------
-- Table structure for coustom_deployment
-- ----------------------------
DROP TABLE IF EXISTS `coustom_deployment`;
CREATE TABLE `coustom_deployment` (
  `NAME` varchar(50) DEFAULT NULL COMMENT '流程名称',
  `DFLW_ID` varchar(100) DEFAULT NULL,
  `CREATE_TIME` datetime DEFAULT NULL,
  `UPDATE_TIME` datetime DEFAULT NULL,
  `ID` int(11) NOT NULL
) ENGINE=InnoDB DEFAULT CHARSET=utf8;

-- ----------------------------
-- Records of coustom_deployment
-- ----------------------------
INSERT INTO `coustom_deployment` VALUES ('12222222222', '23333333', '2016-06-15 14:40:26', '2016-06-20 14:40:22', '1');

-- ----------------------------
-- Table structure for coustom_processnode
-- ----------------------------
DROP TABLE IF EXISTS `coustom_processnode`;
CREATE TABLE `coustom_processnode` (
  `ID` int(11) NOT NULL AUTO_INCREMENT,
  `NODE_NAME` varchar(100) DEFAULT NULL,
  `NODE_ID` varchar(100) DEFAULT NULL,
  `ASSIGNEE` varchar(100) DEFAULT NULL,
  `STATES` bit(1) DEFAULT NULL,
  `NODE_TYPE` varchar(255) DEFAULT NULL,
  `UPDATE_TIME` datetime DEFAULT NULL,
  `CREATE_TIME` datetime DEFAULT NULL,
  `DFLW_ID` varchar(100) DEFAULT NULL,
  PRIMARY KEY (`ID`),
  KEY `DFLW_ID` (`DFLW_ID`)
) ENGINE=InnoDB DEFAULT CHARSET=utf8;

-- ----------------------------
-- Records of coustom_processnode
-- ----------------------------

-- ----------------------------
-- Table structure for coustom_sequence
-- ----------------------------
DROP TABLE IF EXISTS `coustom_sequence`;
CREATE TABLE `coustom_sequence` (
  `ID` int(11) DEFAULT NULL,
  `SEQUENCE_FLOW_ID` varchar(100) DEFAULT NULL,
  `DFLW_ID` varchar(100) DEFAULT NULL,
  `FILED_NAME` varchar(100) DEFAULT NULL,
  `TARGET_NODE` varchar(100) DEFAULT NULL,
  `SOURE_NODE` varchar(100) DEFAULT NULL,
  `DESCRIPTION` varchar(255) DEFAULT NULL,
  `STATUS` bit(1) DEFAULT NULL
) ENGINE=InnoDB DEFAULT CHARSET=utf8;

-- ----------------------------
-- Records of coustom_sequence
-- ----------------------------

-- ----------------------------
-- Table structure for sys_andorra
-- ----------------------------
DROP TABLE IF EXISTS `sys_andorra`;
CREATE TABLE `sys_andorra` (
  `id` bigint(11) NOT NULL AUTO_INCREMENT COMMENT '广告ID',
  `title` varchar(200) DEFAULT NULL COMMENT '广告标题',
  `content` varchar(200) DEFAULT NULL COMMENT '广告内容',
  `type` char(2) DEFAULT NULL COMMENT '广告类型  0为默认文字广告，1为图片广告',
  `adurl` varchar(200) DEFAULT NULL COMMENT '广告图片地址',
  `publisher` varchar(50) DEFAULT NULL COMMENT '广告发布人',
  `addtime` datetime DEFAULT NULL COMMENT '添加时间',
  `uptime` datetime DEFAULT NULL COMMENT '修改时间',
  `starttime` varchar(50) DEFAULT NULL COMMENT '开始时间',
  `endtime` varchar(50) DEFAULT NULL COMMENT '结束时间',
  `status` char(2) DEFAULT '0' COMMENT '状态  0为默认未启用，1为启用',
  `tourl` varchar(255) DEFAULT NULL,
  PRIMARY KEY (`id`)
) ENGINE=InnoDB AUTO_INCREMENT=4 DEFAULT CHARSET=utf8;

-- ----------------------------
-- Records of sys_andorra
-- ----------------------------
INSERT INTO `sys_andorra` VALUES ('2', 'bootstrap网站测试', '<p>bootstrap网站测试bootstrap网站测试bootstrap网站测试bootstrap网站测试bootstrap网站测试bootstrap网站测试bootstrap网站测试</p>', '1', '', '陈聪聪', '2015-04-19 02:58:21', '2015-11-19 11:26:13', '2015-11-19', '2015-11-20', '0', 'www.baidu.com');
INSERT INTO `sys_andorra` VALUES ('3', 'banckboneJs官网', '<p>banckboneJs官网banckboneJs官网banckboneJs官网banckboneJs官网banckboneJs官网banckboneJs官网banckboneJs官网banckboneJs官网</p>', '0', '', '陈聪聪', '2015-11-19 11:27:18', '2015-11-19 11:27:18', '2015-11-13', '2015-11-28', '1', '');

-- ----------------------------
-- Table structure for sys_app_user
-- ----------------------------
DROP TABLE IF EXISTS `sys_app_user`;
CREATE TABLE `sys_app_user` (
  `USER_ID` varchar(100) NOT NULL,
  `USERNAME` varchar(255) DEFAULT NULL,
  `PASSWORD` varchar(255) DEFAULT NULL,
  `NAME` varchar(255) DEFAULT NULL,
  `RIGHTS` varchar(255) DEFAULT NULL,
  `ROLE_ID` varchar(100) DEFAULT NULL,
  `LAST_LOGIN` varchar(255) DEFAULT NULL,
  `IP` varchar(100) DEFAULT NULL,
  `STATUS` varchar(32) DEFAULT NULL,
  `BZ` varchar(255) DEFAULT NULL,
  `PHONE` varchar(100) DEFAULT NULL,
  `SFID` varchar(100) DEFAULT NULL,
  `START_TIME` varchar(100) DEFAULT NULL,
  `END_TIME` varchar(100) DEFAULT NULL,
  `YEARS` int(10) DEFAULT NULL,
  `NUMBER` varchar(100) DEFAULT NULL,
  `EMAIL` varchar(32) DEFAULT NULL,
  PRIMARY KEY (`USER_ID`)
) ENGINE=InnoDB DEFAULT CHARSET=utf8;

-- ----------------------------
-- Records of sys_app_user
-- ----------------------------
INSERT INTO `sys_app_user` VALUES ('04762c0b28b643939455c7800c2e2412', 'dsfsd', 'f1290186a5d0b1ceab27f4e77c0c5d68', 'w', '', '55896f5ce3c0494fa6850775a4e29ff6', '', '', '1', '', '18766666666', '', '2015-12-01', '2015-12-30', '0', '001', '18766666666@qq.com');
INSERT INTO `sys_app_user` VALUES ('4a22e02ed6ee4fcb9d76c959149befd4', 'yangmeng', '21218cca77804d2ba1922c33e0151105', 'yangmeng', '', '55896f5ce3c0494fa6850775a4e29ff6', '', '', '1', '', '', '', '', '', '0', '1', '411@qq.com');
INSERT INTO `sys_app_user` VALUES ('cc000ab015744f7eb033b3e2d552a529', '张三他哥', '21218cca77804d2ba1922c33e0151105', '张三', '', 'f944a9df72634249bbcb8cb73b0c9b86', '', '', '1', '张三', '110', '111111111', '2015-12-01', '2015-12-16', '3', '0002', '11111@qq.com');

-- ----------------------------
-- Table structure for sys_deparement
-- ----------------------------
DROP TABLE IF EXISTS `sys_deparement`;
CREATE TABLE `sys_deparement` (
  `Deparement_ID` int(11) NOT NULL AUTO_INCREMENT,
  `Name` varchar(255) DEFAULT NULL,
  `Parent_ID` int(11) DEFAULT NULL,
  `Principal_FK` int(11) DEFAULT NULL,
  PRIMARY KEY (`Deparement_ID`),
  KEY `zhuguan_fk` (`Principal_FK`),
  CONSTRAINT `zhuguan_fk` FOREIGN KEY (`Principal_FK`) REFERENCES `sys_userinfo` (`UserInfo_ID`)
) ENGINE=InnoDB AUTO_INCREMENT=3 DEFAULT CHARSET=utf8;

-- ----------------------------
-- Records of sys_deparement
-- ----------------------------
INSERT INTO `sys_deparement` VALUES ('1', '研发部', '0', '1');
INSERT INTO `sys_deparement` VALUES ('2', '销售部', '1', null);

-- ----------------------------
-- Table structure for sys_featured
-- ----------------------------
DROP TABLE IF EXISTS `sys_featured`;
CREATE TABLE `sys_featured` (
  `id` bigint(11) NOT NULL AUTO_INCREMENT COMMENT '特别推荐ID',
  `title` varchar(200) DEFAULT NULL COMMENT '特别推荐标题',
  `content` varchar(300) DEFAULT NULL COMMENT '特别推荐内容',
  `url` varchar(300) DEFAULT NULL COMMENT '特别推荐连接地址',
  `heat` char(2) DEFAULT '0' COMMENT '热度  按1 2 3 4 5级',
  `stars` char(2) DEFAULT '0' COMMENT '星级  按1 2 3 4 5级',
  `sequence` int(10) DEFAULT '0' COMMENT '排序',
  `addtime` datetime DEFAULT NULL COMMENT '添加时间',
  `uptime` datetime DEFAULT NULL COMMENT '修改时间',
  `status` char(2) DEFAULT '0' COMMENT '状态 0为未启用，1为启用',
  PRIMARY KEY (`id`)
) ENGINE=InnoDB AUTO_INCREMENT=2 DEFAULT CHARSET=utf8;

-- ----------------------------
-- Records of sys_featured
-- ----------------------------
INSERT INTO `sys_featured` VALUES ('1', 'ssss', '<p>ssss</p>', 'ssss', '1', '1', '22323', '2015-04-19 02:59:11', '2015-04-19 02:59:11', '0');

-- ----------------------------
-- Table structure for sys_gl_qx
-- ----------------------------
DROP TABLE IF EXISTS `sys_gl_qx`;
CREATE TABLE `sys_gl_qx` (
  `GL_ID` varchar(100) NOT NULL,
  `ROLE_ID` varchar(100) DEFAULT NULL,
  `FX_QX` int(10) DEFAULT NULL,
  `FW_QX` int(10) DEFAULT NULL,
  `QX1` int(10) DEFAULT NULL,
  `QX2` int(10) DEFAULT NULL,
  `QX3` int(10) DEFAULT NULL,
  `QX4` int(10) DEFAULT NULL,
  PRIMARY KEY (`GL_ID`)
) ENGINE=InnoDB DEFAULT CHARSET=utf8;

-- ----------------------------
-- Records of sys_gl_qx
-- ----------------------------
INSERT INTO `sys_gl_qx` VALUES ('1', '2', '1', '1', '1', '1', '1', '1');
INSERT INTO `sys_gl_qx` VALUES ('2', '1', '1', '0', '1', '0', '1', '1');
INSERT INTO `sys_gl_qx` VALUES ('3e09f48022b8423ca13cbafda8101148', '0', '0', '0', '0', '0', '0', '0');
INSERT INTO `sys_gl_qx` VALUES ('55896f5ce3c0494fa6850775a4e29ff6', '7', '0', '0', '1', '0', '0', '0');
INSERT INTO `sys_gl_qx` VALUES ('68f23fc0caee475bae8d52244dea8444', '7', '0', '0', '1', '1', '0', '0');
INSERT INTO `sys_gl_qx` VALUES ('7dfd8d1f7b6245d283217b7e63eec9b2', '1', '0', '0', '1', '1', '0', '0');
INSERT INTO `sys_gl_qx` VALUES ('ac66961adaa2426da4470c72ffeec117', '1', '0', '0', '1', '1', '0', '0');
INSERT INTO `sys_gl_qx` VALUES ('b0c77c29dfa140dc9b14a29c056f824f', '7', '1', '0', '1', '1', '0', '0');
INSERT INTO `sys_gl_qx` VALUES ('b74f3054e52d459183fba506c21f7ec2', '1', '0', '0', '1', '0', '0', '0');
INSERT INTO `sys_gl_qx` VALUES ('e74f713314154c35bd7fc98897859fe3', '6', '1', '1', '1', '1', '0', '0');
INSERT INTO `sys_gl_qx` VALUES ('eef7c16c3bb2447996a70039b2592146', '1', '0', '0', '0', '0', '0', '0');
INSERT INTO `sys_gl_qx` VALUES ('f944a9df72634249bbcb8cb73b0c9b86', '7', '1', '1', '1', '1', '0', '0');

-- ----------------------------
-- Table structure for sys_menu
-- ----------------------------
DROP TABLE IF EXISTS `sys_menu`;
CREATE TABLE `sys_menu` (
  `MENU_ID` int(11) NOT NULL,
  `MENU_NAME` varchar(255) DEFAULT NULL,
  `MENU_URL` varchar(255) DEFAULT NULL,
  `PARENT_ID` varchar(100) DEFAULT NULL,
  `MENU_ORDER` varchar(100) DEFAULT NULL,
  `MENU_ICON` varchar(30) DEFAULT NULL,
  `MENU_TYPE` varchar(10) DEFAULT NULL,
  PRIMARY KEY (`MENU_ID`)
) ENGINE=InnoDB DEFAULT CHARSET=utf8;

-- ----------------------------
-- Records of sys_menu
-- ----------------------------
INSERT INTO `sys_menu` VALUES ('1', '系统管理', '#', '0', '1', 'icon-home', '2');
INSERT INTO `sys_menu` VALUES ('2', '组织管理', 'role.do', '1', '2', null, '2');
INSERT INTO `sys_menu` VALUES ('4', '会员管理', 'happuser/listUsers.do', '1', '4', null, '2');
INSERT INTO `sys_menu` VALUES ('5', '系统用户', 'user/listUsers.do', '1', '3', null, '2');
INSERT INTO `sys_menu` VALUES ('6', '性能监控', 'druid/index.html', '7', '2', null, '2');
INSERT INTO `sys_menu` VALUES ('7', '系统工具', '#', '0', '1', 'icon-cog', '2');
INSERT INTO `sys_menu` VALUES ('8', '个人事务', '#', '0', '1', 'icon-list', '2');
INSERT INTO `sys_menu` VALUES ('9', '待办事宜', 'personaltask/Gopersonaltask.do', '8', '2', 'icon-eye-open', '2');
INSERT INTO `sys_menu` VALUES ('10', '已办任务', 'historytask/GoHistorytask.do', '8', '3', 'icon-eye-open', '2');
INSERT INTO `sys_menu` VALUES ('11', '流程管理', '#', '0', '1', 'icon-cogs', '2');
INSERT INTO `sys_menu` VALUES ('14', '设计流程', 'workflowtask/goAddactivitiModel.do', '11', '2', null, '2');
INSERT INTO `sys_menu` VALUES ('15', '模型列表', 'workflowtask/GoactivitiModelListpage', '-1', '3', null, '2');
INSERT INTO `sys_menu` VALUES ('16', '流程列表', 'workflowtask/GoactivitiProcessDefinition.do', '11', '4', null, '2');
INSERT INTO `sys_menu` VALUES ('17', '任务列表', 'workflowtask/GoactivitiProcessTask.do', '11', '5', null, '2');
INSERT INTO `sys_menu` VALUES ('19', '临时测试', 'workflowtask/listUsers.do', null, null, null, null);

-- ----------------------------
-- Table structure for sys_post
-- ----------------------------
DROP TABLE IF EXISTS `sys_post`;
CREATE TABLE `sys_post` (
  `Post_ID` int(11) NOT NULL AUTO_INCREMENT,
  `Name` varchar(255) DEFAULT NULL,
  `Deparement_FK` int(255) DEFAULT NULL,
  PRIMARY KEY (`Post_ID`),
  KEY `dep_fk` (`Deparement_FK`),
  CONSTRAINT `dep_fk` FOREIGN KEY (`Deparement_FK`) REFERENCES `sys_deparement` (`Deparement_ID`)
) ENGINE=InnoDB AUTO_INCREMENT=4 DEFAULT CHARSET=utf8;

-- ----------------------------
-- Records of sys_post
-- ----------------------------
INSERT INTO `sys_post` VALUES ('1', '研发部主管', '1');
INSERT INTO `sys_post` VALUES ('2', '程序员', '1');
INSERT INTO `sys_post` VALUES ('3', '设计师', '2');

-- ----------------------------
-- Table structure for sys_role
-- ----------------------------
DROP TABLE IF EXISTS `sys_role`;
CREATE TABLE `sys_role` (
  `ROLE_ID` varchar(100) NOT NULL,
  `ROLE_NAME` varchar(100) DEFAULT NULL,
  `RIGHTS` varchar(255) DEFAULT NULL,
  `PARENT_ID` varchar(100) DEFAULT NULL,
  `ADD_QX` varchar(255) DEFAULT NULL,
  `DEL_QX` varchar(255) DEFAULT NULL,
  `EDIT_QX` varchar(255) DEFAULT NULL,
  `CHA_QX` varchar(255) DEFAULT NULL,
  `QX_ID` varchar(100) DEFAULT NULL,
  PRIMARY KEY (`ROLE_ID`)
) ENGINE=InnoDB DEFAULT CHARSET=utf8;

-- ----------------------------
-- Records of sys_role
-- ----------------------------
INSERT INTO `sys_role` VALUES ('1', '系统管理员', '2097142', '0', '1', '1', '1', '1', '1');
INSERT INTO `sys_role` VALUES ('2', '超级管理员', '54', '1', '32758', '50', '50', '2097126', '2');
INSERT INTO `sys_role` VALUES ('3e09f48022b8423ca13cbafda8101148', 'ces', '', '0', '0', '0', '0', '0', '3e09f48022b8423ca13cbafda8101148');
INSERT INTO `sys_role` VALUES ('4', '用户组', '118', '0', '0', '0', '0', '0', null);
INSERT INTO `sys_role` VALUES ('55896f5ce3c0494fa6850775a4e29ff6', '特级会员', '498', '7', '0', '0', '0', '0', '55896f5ce3c0494fa6850775a4e29ff6');
INSERT INTO `sys_role` VALUES ('6', '客户组', '18', '0', '1', '1', '1', '1', null);
INSERT INTO `sys_role` VALUES ('68f23fc0caee475bae8d52244dea8444', '中级会员', '498', '7', '0', '0', '0', '0', '68f23fc0caee475bae8d52244dea8444');
INSERT INTO `sys_role` VALUES ('7', '会员组', '498', '0', '0', '0', '0', '1', null);
INSERT INTO `sys_role` VALUES ('7dfd8d1f7b6245d283217b7e63eec9b2', '管理员B', '2097142', '1', '246', '0', '0', '0', '7dfd8d1f7b6245d283217b7e63eec9b2');
INSERT INTO `sys_role` VALUES ('ac66961adaa2426da4470c72ffeec117', '管理员A', '2097142', '1', '54', '54', '0', '246', 'ac66961adaa2426da4470c72ffeec117');
INSERT INTO `sys_role` VALUES ('b0c77c29dfa140dc9b14a29c056f824f', '高级会员', '498', '7', '0', '0', '0', '0', 'b0c77c29dfa140dc9b14a29c056f824f');
INSERT INTO `sys_role` VALUES ('b74f3054e52d459183fba506c21f7ec2', '普通用户', '2097142', '1', '768', '0', '0', '0', 'b74f3054e52d459183fba506c21f7ec2');
INSERT INTO `sys_role` VALUES ('e74f713314154c35bd7fc98897859fe3', '黄金客户', '18', '6', '1', '1', '1', '1', 'e74f713314154c35bd7fc98897859fe3');
INSERT INTO `sys_role` VALUES ('eef7c16c3bb2447996a70039b2592146', 'rere', '2097142', '1', '0', '0', '0', '0', 'eef7c16c3bb2447996a70039b2592146');
INSERT INTO `sys_role` VALUES ('f944a9df72634249bbcb8cb73b0c9b86', '初级会员', '498', '7', '1', '1', '1', '1', 'f944a9df72634249bbcb8cb73b0c9b86');

-- ----------------------------
-- Table structure for sys_user
-- ----------------------------
DROP TABLE IF EXISTS `sys_user`;
CREATE TABLE `sys_user` (
  `USER_ID` varchar(100) NOT NULL,
  `USERNAME` varchar(255) DEFAULT NULL,
  `PASSWORD` varchar(255) DEFAULT NULL,
  `NAME` varchar(255) DEFAULT NULL,
  `RIGHTS` varchar(255) DEFAULT NULL,
  `ROLE_ID` varchar(100) DEFAULT NULL,
  `LAST_LOGIN` varchar(255) DEFAULT NULL,
  `IP` varchar(100) DEFAULT NULL,
  `STATUS` varchar(32) DEFAULT NULL,
  `BZ` varchar(255) DEFAULT NULL,
  `SKIN` varchar(100) DEFAULT NULL,
  `EMAIL` varchar(32) DEFAULT NULL,
  `NUMBER` varchar(100) DEFAULT NULL,
  `PHONE` varchar(32) DEFAULT NULL,
  PRIMARY KEY (`USER_ID`)
) ENGINE=InnoDB DEFAULT CHARSET=utf8;

-- ----------------------------
-- Records of sys_user
-- ----------------------------
INSERT INTO `sys_user` VALUES ('089d664844f8441499955b3701696fc0', 'fushide', '67bc304642856b709dfeb907b92cc7e10e0b02f2', '富师德', '', '2', '', '', '0', '18629359', 'default', 'asdadf@qq.com', '1231', '18766666666');
INSERT INTO `sys_user` VALUES ('0b3f2ab1896b47c097a81d322697446a', 'zhangsan', 'c4ca4238a0b923820dcc509a6f75849b', '张三', '', '2', '2015-01-02 12:04:51', '127.0.0.1', '0', '小张', 'default', 'wwwwq@qq.com', '1101', '18788888888');
INSERT INTO `sys_user` VALUES ('0e2da7c372e147a0b67afdf4cdd444a3', 'dfsdf', 'c49639f0b2c5dda506b777a1e518990e9a88a221', 'wqeqw', '', 'e74f713314154c35bd7fc98897859fe3', '', '', '0', 'ff', 'default', 'q324@qq.com', 'dsfsdddd', '18767676767');
INSERT INTO `sys_user` VALUES ('1', 'admin', '28dca2a7b33b7413ad3bce1d58c26dd679c799f1', '系统管理员', '1133671055321055258374707980945218933803269864762743594642571294', '1', '2016-06-20 14:58:14', '127.0.0.1', '0', '最高统治者', 'default', 'admin@main.com', '001', '18788888888');
INSERT INTO `sys_user` VALUES ('1de2f9240a334c8a82912c40175e8f74', 'qianyf', '7dc72e9d853170642b1a67aeb66e187abc7210f3', 'qianyf', '', '82f229064e7040d388ca67598f8e349c', '2016-05-26 10:22:03', '45.116.13.19', '0', '', 'default', '12345678912@qq.com', 'qianyf', '12345678912');
INSERT INTO `sys_user` VALUES ('3cd4185a302145889b130d1d7c88a6c5', '陈聪聪', '6e43ae37c62d011969917ced88722141fdf947b7', '陈聪聪', '', '2', '', '', '0', 'bootstrap', 'default', 'discovercong@163.com', '1001', '18217287040');
INSERT INTO `sys_user` VALUES ('79ef6300d26f4eecb98602c4ff4df584', 'yangm', '4e26a24c17447468780daee0c25afc64db1ff607', 'yangmeng', '', '82f229064e7040d388ca67598f8e349c', '2016-05-31 11:03:56', '106.38.35.202', '0', '', 'skin-1', '12345678912@qq.com', 'yangm', '12345678912');
INSERT INTO `sys_user` VALUES ('8fdd3ab607a946a29a74827bd4653241', 'lil', 'd8213bd842e6aee4611e3b33dcd3b5e86f6c5c59', 'lil', '', '82f229064e7040d388ca67598f8e349c', '2016-05-27 09:58:37', '218.241.134.178', '0', '', 'default', '12345678912@qq.com', 'lil', '12345678912');
INSERT INTO `sys_user` VALUES ('b825f152368549069be79e1d34184afa', 'san', '9b69448e5ac7f9e7544732aaba4bb8e8885ccbe1', '三', '', '2', '', '', '0', 'sdfsdgf', 'default', 'sdfsdf@qq.com', 'sdsaw22', '2147483647');
INSERT INTO `sys_user` VALUES ('f1b9a4aca4784732a98d8ced057201f3', 'taott', 'e6cb4b6cf9e39759dc71eaeaef3e840d00ce4d50', 'taott', '', '82f229064e7040d388ca67598f8e349c', '2016-05-25 19:44:18', '122.224.94.210', '0', '', 'default', '12345678912@qq.com', 'taott', '12345678912');
INSERT INTO `sys_user` VALUES ('f20afcbae704434b9f90b0641af49e1b', 'zhanglq', '764d8b9e2837c124e727e791f5b929d7e7a0f1de', 'zhanglq', '', '82f229064e7040d388ca67598f8e349c', '2016-05-26 15:31:20', '122.224.94.210', '0', '', 'default', '12345678912@qq.com', 'zhanglq', '12345678912');

-- ----------------------------
-- Table structure for sys_userinfo
-- ----------------------------
DROP TABLE IF EXISTS `sys_userinfo`;
CREATE TABLE `sys_userinfo` (
  `UserInfo_ID` int(11) NOT NULL AUTO_INCREMENT,
  `User_FK` varchar(255) DEFAULT NULL,
  `Post_FK` int(11) DEFAULT NULL,
  `Address` varchar(255) DEFAULT NULL,
  `Age` int(11) DEFAULT NULL,
  `Sex` int(1) DEFAULT NULL,
  PRIMARY KEY (`UserInfo_ID`),
  KEY `user_fk` (`User_FK`),
  KEY `post` (`Post_FK`) USING BTREE,
  CONSTRAINT `post_fk` FOREIGN KEY (`Post_FK`) REFERENCES `sys_post` (`Post_ID`),
  CONSTRAINT `user_fk` FOREIGN KEY (`User_FK`) REFERENCES `sys_user` (`USER_ID`)
) ENGINE=InnoDB AUTO_INCREMENT=4 DEFAULT CHARSET=utf8;

-- ----------------------------
-- Records of sys_userinfo
-- ----------------------------
INSERT INTO `sys_userinfo` VALUES ('1', '1', '1', '地球村', '18', '1');
INSERT INTO `sys_userinfo` VALUES ('2', 'b825f152368549069be79e1d34184afa', '2', '杭州', '17', '0');
INSERT INTO `sys_userinfo` VALUES ('3', '3cd4185a302145889b130d1d7c88a6c5', '3', '滨江', '16', '1');

-- ----------------------------
-- Table structure for sys_user_qx
-- ----------------------------
DROP TABLE IF EXISTS `sys_user_qx`;
CREATE TABLE `sys_user_qx` (
  `U_ID` varchar(100) NOT NULL,
  `C1` int(10) DEFAULT NULL,
  `C2` int(10) DEFAULT NULL,
  `C3` int(10) DEFAULT NULL,
  `C4` int(10) DEFAULT NULL,
  `Q1` int(10) DEFAULT NULL,
  `Q2` int(10) DEFAULT NULL,
  `Q3` int(10) DEFAULT NULL,
  `Q4` int(10) DEFAULT NULL,
  PRIMARY KEY (`U_ID`)
) ENGINE=InnoDB DEFAULT CHARSET=utf8;

-- ----------------------------
-- Records of sys_user_qx
-- ----------------------------
INSERT INTO `sys_user_qx` VALUES ('1', '1', '1', '1', '1', '1', '1', '1', '1');
INSERT INTO `sys_user_qx` VALUES ('2', '1', '1', '1', '1', '1', '1', '1', '1');
INSERT INTO `sys_user_qx` VALUES ('3e09f48022b8423ca13cbafda8101148', '0', '0', '0', '0', '0', '0', '0', '0');
INSERT INTO `sys_user_qx` VALUES ('55896f5ce3c0494fa6850775a4e29ff6', '0', '0', '0', '0', '0', '0', '0', '0');
INSERT INTO `sys_user_qx` VALUES ('68f23fc0caee475bae8d52244dea8444', '0', '0', '0', '0', '0', '0', '0', '0');
INSERT INTO `sys_user_qx` VALUES ('7dfd8d1f7b6245d283217b7e63eec9b2', '0', '0', '0', '0', '0', '0', '0', '0');
INSERT INTO `sys_user_qx` VALUES ('ac66961adaa2426da4470c72ffeec117', '0', '0', '0', '0', '0', '0', '0', '0');
INSERT INTO `sys_user_qx` VALUES ('b0c77c29dfa140dc9b14a29c056f824f', '0', '0', '0', '0', '0', '0', '0', '0');
INSERT INTO `sys_user_qx` VALUES ('b74f3054e52d459183fba506c21f7ec2', '0', '0', '0', '0', '0', '0', '0', '0');
INSERT INTO `sys_user_qx` VALUES ('e74f713314154c35bd7fc98897859fe3', '0', '0', '0', '0', '0', '0', '0', '0');
INSERT INTO `sys_user_qx` VALUES ('eef7c16c3bb2447996a70039b2592146', '0', '0', '0', '0', '0', '0', '0', '0');
INSERT INTO `sys_user_qx` VALUES ('f944a9df72634249bbcb8cb73b0c9b86', '0', '0', '0', '0', '0', '0', '0', '0');

-- ----------------------------
-- Table structure for user
-- ----------------------------
DROP TABLE IF EXISTS `user`;
CREATE TABLE `user` (
  `id` int(11) NOT NULL AUTO_INCREMENT,
  `userName` varchar(50) DEFAULT NULL,
  `userAge` int(11) DEFAULT NULL,
  `userAddress` varchar(200) DEFAULT NULL,
  PRIMARY KEY (`id`)
) ENGINE=InnoDB AUTO_INCREMENT=6 DEFAULT CHARSET=utf8;

-- ----------------------------
-- Records of user
-- ----------------------------
INSERT INTO `user` VALUES ('1', 'summer', '30', 'shanghai');
INSERT INTO `user` VALUES ('2', 'test2', '22', 'suzhou');
INSERT INTO `user` VALUES ('3', 'test1', '29', 'some place');
INSERT INTO `user` VALUES ('4', 'lu', '28', 'some place');
INSERT INTO `user` VALUES ('5', 'xiaoxun', '27', 'nanjing');

-- ----------------------------
-- Function structure for get_count
-- ----------------------------
DROP FUNCTION IF EXISTS `get_count`;
DELIMITER ;;
CREATE DEFINER=`root`@`localhost` FUNCTION `get_count`(p_id varchar(100)) RETURNS tinyint(4)
BEGIN
		DECLARE p_count INT(11);
		SELECT COUNT('LINE_ID') into p_count from tb_line where PARENT_ID = p_id;
    RETURN p_count;
 END
;;
DELIMITER ;
